PID,Monitored Facility,Contingency Name,lo_facility,lo_outage,Earliest,Latest
54,CATO JCT - CATO 138 kV l/o FRANCISCO - DUFF 345 kV,Francisco CIN - Duff 345 kV,CATO JCT - CATO 138 KV,FRANCISCO - DUFF 345 KV,2026-01-25 21:35:00-05:00,2026-04-26 19:00:00-04:00
1947,Mahomet OCB1303 138kV l/o GooseCreek - Rising 345kV,Goose Creek-Rising 345 kV,MAHOMET OCB1303 138 KV,GOOSECREEK - RISING 345 KV,2025-03-18 22:30:00-04:00,2025-03-20 05:30:00-04:00
2024,Gibson - Francisco 345 kV l/o AB Brown - Gibson 345 kV,Gibson-AB Brown 345 kV,GIBSON - FRANCISCO 345 KV,AB BROWN - GIBSON 345 KV,2024-06-18 14:20:00-04:00,2025-02-24 07:25:00-05:00
2463,Mahomet - OCB 1303 138 kV l/o Leghorn - Goose Creek 345 kV,Leghorn - Goose Creek 345 kV,MAHOMET - OCB 1303 138 KV,LEGHORN - GOOSE CREEK 345 KV,2024-08-15 10:45:00-04:00,2024-09-06 18:05:00-04:00
2631,Newport - Denmark 161 kV l/o Hills - Sub T - Louisa 345 kV,Hills - Sub T - Louisa 345 kV,NEWPORT - DENMARK 161 KV,HILLS - SUB T - LOUISA 345 KV,2024-06-29 17:15:00-04:00,2024-07-04 15:35:00-04:00
3372,LTVSteel - Hennepin 138 kV l/o Powerton - Towerline 138 kV,Powerton - Towerline 1404 Tie Line,LTVSTEEL - HENNEPIN 138 KV,POWERTON - TOWERLINE 138 KV,2023-09-18 21:10:00-04:00,2023-09-19 10:30:00-04:00
3866,Maroa -E GooseCreek 345 kV l/o Wilton Center-Dumont 765 kV,Dumont-Wilton Center 765kV,MAROA -E GOOSECREEK 345 KV,WILTON CENTER-DUMONT 765 KV,2018-01-14 07:00:00-05:00,2023-02-14 05:50:00-05:00
3910,Turkey Hill Mascouta 138 kV l/o Coffeen Roxford 345 kV,Coffen 3-Roxford3 345kV,TURKEY HILL MASCOUTA 138 KV,COFFEEN ROXFORD 345 KV,2023-01-25 05:55:00-05:00,2023-01-25 05:55:00-05:00
3983,Person - Sedge Hill 230 kV l/o Wake - Heritage 500 kV,Heritage-Wake 500 kV,PERSON - SEDGE HILL 230 KV,WAKE - HERITAGE 500 KV,2022-12-20 01:00:00-05:00,2022-12-20 07:20:00-05:00
3994,Maroa-E GooseCreek 345kV l/o Faraday-Arlond 345kV,Faraday-Arlond 345 kV,MAROA-E GOOSECREEK 345 KV,FARADAY-ARLOND 345 KV,2022-12-13 09:25:00-05:00,2022-12-18 02:20:00-05:00
4202,Trail Creek - MichCity 138 kV l/o Bosserman - MichCity 138 kV,MichiganCity-Bosserman 138kV,TRAIL CREEK - MICHCITY 138 KV,BOSSERMAN - MICHCITY 138 KV,2021-10-01 16:10:00-04:00,2022-10-13 22:45:00-04:00
4203,Michigan City-Trail Creek 138 l/o Michigan City-Bosserman 138,MichiganCity-Bosserman 138kV,MICHIGAN CITY-TRAIL CREEK 138,MICHIGAN CITY-BOSSERMAN 138,2016-04-11 18:00:00-04:00,2022-10-13 22:00:00-04:00
4207,Michigan City-Trail Creek 138 kV l/o Wilton Center-Dumont 765 kV,Dumont-Wilton Center 765kV,MICHIGAN CITY-TRAIL CREEK 138 KV,WILTON CENTER-DUMONT 765 KV,2015-08-19 17:00:00-04:00,2022-10-13 04:10:00-04:00
4403,NewCarlis-BossermanTap1 138kV l/o NewCarlis-Bosserman2 138kV,NewCarlis-Bosserman#2 138kV,NEWCARLIS-BOSSERMANTAP1 138 KV,NEWCARLIS-BOSSERMAN2 138 KV,2020-08-26 11:55:00-04:00,2022-07-05 15:00:00-04:00
4417,Gibson-Francisco-345 kV l/o Gibson-Abbrown-345 kV,Gibson-AB Brown 345 kV,GIBSON-FRANCISCO-345 KV,GIBSON-ABBROWN-345 KV,2021-08-11 14:55:00-04:00,2022-06-25 15:35:00-04:00
4698,Commodore 345/230 XF2 l/o Prairie State-Mt Vernon 345kV,Prairie State-W Mt. Vernon 345,COMMODORE 345/230 XF2,PRAIRIE STATE-MT VERNON 345 KV,2021-12-08 16:20:00-05:00,2022-02-09 07:10:00-05:00
4824,Mt Vernon-Salem W 138 kV l/o Norris City-Crossvil 138 kV,Norris City-Crossvil 138,MT VERNON-SALEM W 138 KV,NORRIS CITY-CROSSVIL 138 KV,2021-12-03 18:40:00-05:00,2021-12-05 00:45:00-05:00
4829,CasyW-Sullivan 345 kV l/o Bunsonvil-Eugene 345 kV,Eugene-Bunsonville 345,CASYW-SULLIVAN 345 KV,BUNSONVIL-EUGENE 345 KV,2021-09-15 03:10:00-04:00,2021-11-30 06:35:00-05:00
4866,Northwest Tap - Purdue 138 kV l/o Westwood - W Lafayette 138 kV,Westwood-08NW_Tap-WLafyett 138,NORTHWEST TAP - PURDUE 138 KV,WESTWOOD - W LAFAYETTE 138 KV,2020-10-29 12:15:00-04:00,2021-11-02 07:10:00-04:00
5102,Trail Creek-MichCity 138 l/o Bosserman-MichCity 138,MichiganCity-Bosserman 138kV,TRAIL CREEK-MICHCITY 138,BOSSERMAN-MICHCITY 138,2020-08-27 19:20:00-04:00,2021-06-09 22:05:00-04:00
5120,NCoultervil 138/230 kV l/o Prairie State - W Mt. Vernon 345 kV,Prairie State-W Mt. Vernon 345,NCOULTERVIL 138/230 KV,PRAIRIE STATE - W MT. VERNON 345 KV,2020-10-21 00:20:00-04:00,2021-05-27 11:25:00-04:00
5331,Staunton-Gilespie 138 kV l/o Coffeen-Roxford 345 kV,Coffeen-Roxfd 345,STAUNTON-GILESPIE 138 KV,COFFEEN-ROXFORD 345 KV,2019-05-16 16:50:00-04:00,2021-02-17 19:25:00-05:00
5366,Person-Sedge Hill 230 kV l/o Rodgers Road-Carson 500 kV,L500.Carson-RogersRoad.585,PERSON-SEDGE HILL 230 KV,RODGERS ROAD-CARSON 500 KV,2021-02-02 15:15:00-05:00,2021-02-02 21:25:00-05:00
5381,Person-Sedge Hill 230 kV l/o Heritage-Rawlings 500 kV,L500.BrunswickHeritage-Rawlings.591,PERSON-SEDGE HILL 230 KV,HERITAGE-RAWLINGS 500 KV,2021-01-25 18:00:00-05:00,2021-01-25 20:55:00-05:00
5785,Casey-West Sullivan 345 kV l/o Bunsonville-Eugene 345 kV,Eugene-Bunsonville 345,CASEY-WEST SULLIVAN 345 KV,BUNSONVILLE-EUGENE 345 KV,2018-08-04 17:35:00-04:00,2020-07-19 12:05:00-04:00
5924,Oak Grove-Galesburg 161kV l/o Nelson-Electric Junction 345kV,Nelson-Electric Junction 345kV (15502 line),OAK GROVE-GALESBURG 161 KV,NELSON-ELECTRIC JUNCTION 345 KV,2012-10-01 04:00:00-04:00,2020-05-21 14:05:00-04:00
5955,Michigan City-Maple 138 kV l/o Dumont-Wilton Center 765 kV,Dumont-Wilton Center 765kV,MICHIGAN CITY-MAPLE 138 KV,DUMONT-WILTON CENTER 765 KV,2020-04-22 05:20:00-04:00,2020-05-12 04:45:00-04:00
6030,NWTap-Purdue 138 kV l/o Westwood-NWTap-WestLafayette,Westwood-08NW_Tap-WLafyett 138,NWTAP-PURDUE 138 KV,WESTWOOD-NWTAP-WESTLAFAYETTE,2017-04-06 07:00:00-04:00,2020-04-09 19:15:00-04:00
6034,Mittal2-Praxair 13808 2 138kV l/o Marktown-Mittal5-13830 138kV,L138.Marktown-Inland Steel 5,MITTAL2-PRAXAIR 13808 2 138 KV,MARKTOWN-MITTAL5-13830 138 KV,2020-04-08 19:05:00-04:00,2020-04-08 19:15:00-04:00
6035,Mittal2-Praxair 13808 2 138kV l/o Mittal5-Chicago 13829 138kV,L138.Chicago Ave - Inland5T(Mittal5).13829 (NIPS),MITTAL2-PRAXAIR 13808 2 138 KV,MITTAL5-CHICAGO 13829 138 KV,2020-04-08 18:15:00-04:00,2020-04-08 19:00:00-04:00
6175,Mt Vernon 345/138 TR l/o Casey - Newton 345 kV,L345.Newton-Casey (Ameren),MT VERNON 345/138 TR,CASEY - NEWTON 345 KV,2019-12-19 07:00:00-05:00,2019-12-19 14:00:00-05:00
6243,Kewanee-6101 138 l/o Oglesby Tap 138 sub,L138.Mazon-CrescentRdg-Oglesby.7713 (Oglesby Tap),KEWANEE-6101 138,OGLESBY TAP 138 SUB,2017-04-17 00:00:00-04:00,2019-11-27 23:00:00-05:00
6245,Fargo Xfmr 345/138 kV l/o Maple Ridge-Tazewell 345 kV,L345.MapleRidge-Tazewell,FARGO XFMR 345/138 KV,MAPLE RIDGE-TAZEWELL 345 KV,2018-03-06 00:00:00-05:00,2019-11-27 06:00:00-05:00
6364,Mclean-Diamond Star Tap 138 kV l/o Kickapoo Creek Lasal 138 kV,Kickapoo Crk-Lasalle 138,MCLEAN-DIAMOND STAR TAP 138 KV,KICKAPOO CREEK LASAL 138 KV,2017-05-16 17:00:00-04:00,2019-10-15 20:25:00-04:00
6411,Havana-Elkhart Jct 138 kV l/o Ipava-Havana 138kV,Havana-Ipava 138,HAVANA-ELKHART JCT 138 KV,IPAVA-HAVANA 138 KV,2019-09-18 01:40:00-04:00,2019-09-29 23:10:00-04:00
6445,TurkeyRiver-Stoneman 161 kV l/o Genoa-Seneca 161 kV,Genoa - Seneca 161 kV,TURKEYRIVER-STONEMAN 161 KV,GENOA-SENECA 161 KV,2019-07-15 19:40:00-04:00,2019-09-18 23:55:00-04:00
6518,TurkeyRiver - Stoneman 161 kV l/o Nelson-Cordova 345 kV,Cordova-Nelson (15503) 345 Line,TURKEYRIVER - STONEMAN 161 KV,NELSON-CORDOVA 345 KV,2019-08-20 23:35:00-04:00,2019-08-21 00:20:00-04:00
6585,Sub 85 - Rock Island 161 kV l/o East Moline 345/161 kV T1,Cordova-E. Moline 345 kV + E. Moline 345/161 kV,SUB 85 - ROCK ISLAND 161 KV,EAST MOLINE 345/161 KV T1,2019-07-20 07:20:00-04:00,2019-07-20 22:35:00-04:00
6627,Fargo 345/138 kv Xfmr l/o Duck Creek-Ipava 345 kV,L345.Duck Creek-Ipva (AMIL),FARGO 345/138 KV XFMR,DUCK CREEK-IPAVA 345 KV,2018-10-01 08:00:00-04:00,2019-07-11 18:00:00-04:00
6724,Powerton - PowertonJct 138 kV l/o Clinton U1,Clinton.U1 (AMRN),POWERTON - POWERTONJCT 138 KV,CLINTON U1,2019-05-17 00:00:00-04:00,2019-05-27 03:00:00-04:00
6728,Michigan City-Bosserman 138 kV l/o Michigan City-Trail Creek 138 kV,L138.Michigan City-Trail Creek.13814,MICHIGAN CITY-BOSSERMAN 138 KV,MICHIGAN CITY-TRAIL CREEK 138 KV,2016-04-11 00:00:00-04:00,2019-05-24 23:00:00-04:00
6730,Havana - Elkhart Jct 138 kV l/o Havana S - Havana E 138 kV,Havana S - Havana E 138 kV,HAVANA - ELKHART JCT 138 KV,HAVANA S - HAVANA E 138 KV,2017-04-05 20:00:00-04:00,2019-05-24 17:20:00-04:00
6734,Kewanee-HennepinTap 6101 138kV l/o EKewanee-PrinceTp-LTVSteel-Hennepin 138kV,L138.EastKewanee-PrinceTap-LTVSteel-Hennepin.1552,KEWANEE-HENNEPINTAP 6101 138 KV,EKEWANEE-PRINCETP-LTVSTEEL-HENNEPIN 138 KV,2019-04-19 16:00:00-04:00,2019-05-23 10:00:00-04:00
6735,Princeton Tap LTV Steel 138 kV l/o Hennepin - Kewanee - Streator 138 kV,L138.Kewanee-Hennepin.6101,PRINCETON TAP LTV STEEL 138 KV,HENNEPIN - KEWANEE - STREATOR 138 KV,2019-05-23 08:00:00-04:00,2019-05-23 10:00:00-04:00
6740,Princeton Tap LTV Steel 138 kV l/o Hennepin - Kewanee - Streator 138 kV,Kewanee-Streator 6101 138,PRINCETON TAP LTV STEEL 138 KV,HENNEPIN - KEWANEE - STREATOR 138 KV,2019-05-08 07:05:00-04:00,2019-05-21 17:10:00-04:00
6747,Powerton - PowertonJct 138 kV l/o Clinton U1,Clinton Unit 1,POWERTON - POWERTONJCT 138 KV,CLINTON U1,2019-05-16 04:50:00-04:00,2019-05-21 09:05:00-04:00
6790,Wash_St3-Raab Rd3 138 l/o Clinton Unit 1,Clinton Unit 1,WASH_ST3-RAAB RD3 138,CLINTON UNIT 1,2014-05-03 00:00:00-04:00,2019-05-08 17:15:00-04:00
6922,Newton - Robnsnam 138 kV l/o Newton - Casey 345 kV,Newton-Casey 345 kV,NEWTON - ROBNSNAM 138 KV,NEWTON - CASEY 345 KV,2019-03-12 07:45:00-04:00,2019-03-15 23:00:00-04:00
6990,LTVSteel - Hennepin ckt2 138 kV l/o Sandburg - EastKewanee 138 kV,Sandburg - East Kewanee 138 kV,LTVSTEEL - HENNEPIN CKT2 138 KV,SANDBURG - EASTKEWANEE 138 KV,2019-02-24 20:45:00-05:00,2019-02-24 23:10:00-05:00
6991,LTVSteel - Hennepin ckt2 138 kV l/o Powerton - Toulon 138 kV,Toulon - Powerton 138 kV,LTVSTEEL - HENNEPIN CKT2 138 KV,POWERTON - TOULON 138 KV,2019-02-24 08:00:00-05:00,2019-02-24 17:15:00-05:00
6996,LTVSteel - Hennepin 138 kV l/o Sandburg - EastKewanee 138 kV,Sandburg - East Kewanee 138 kV,LTVSTEEL - HENNEPIN 138 KV,SANDBURG - EASTKEWANEE 138 KV,2019-02-24 03:05:00-05:00,2019-02-24 03:05:00-05:00
7140,Maroa E - Goose Creek 345 kV l/o Pana-Austin 345 kV,Pana - Austin 345 kV,MAROA E - GOOSE CREEK 345 KV,PANA-AUSTIN 345 KV,2018-12-12 06:10:00-05:00,2018-12-12 09:25:00-05:00
7172,Michigan City-Bosserman 138 kV l/o Dumont -Wilton Center 765 kV,L765.Dumont-WiltonCenter.11215,MICHIGAN CITY-BOSSERMAN 138 KV,DUMONT -WILTON CENTER 765 KV,2018-06-19 09:00:00-04:00,2018-12-04 07:00:00-05:00
7177,Goodland Xfmr1 138/69 kV l/o Reynolds-Goodland 138kV,Reynolds-Goodland 138kV + Goodland 138/69kV Xfmr 2,GOODLAND XFMR1 138/69 KV,REYNOLDS-GOODLAND 138 KV,2018-11-22 21:50:00-05:00,2018-12-02 23:20:00-05:00
7225,NWTap - Purdue 138 kV l/o Westwood-TippLabs 138 kV,L138.Westwood-Tippecanoe,NWTAP - PURDUE 138 KV,WESTWOOD-TIPPLABS 138 KV,2018-10-20 09:00:00-04:00,2018-11-16 08:00:00-05:00
7250,Turkey Hill - Ashley 138 kV l/o Prairie St - W Mt Vernon 345 kV,Prairie State-W Mt. Vernon 345,TURKEY HILL - ASHLEY 138 KV,PRAIRIE ST - W MT VERNON 345 KV,2018-03-03 06:00:00-05:00,2018-11-10 16:00:00-05:00
7254,NWTap - Purdue 138 kV l/o Westwood-TippLabs 138 kV,Westwood-Tippecanoe Labs 138 kV,NWTAP - PURDUE 138 KV,WESTWOOD-TIPPLABS 138 KV,2018-11-09 18:35:00-05:00,2018-11-09 18:50:00-05:00
7257,Segreto - Palisades2 345 kV l/o Covert - Palisades 345 kV,L345.Covert-Palisades,SEGRETO - PALISADES2 345 KV,COVERT - PALISADES 345 KV,2018-10-31 09:00:00-04:00,2018-11-09 13:00:00-05:00
7264,Segreto - Palisades2 345 kV l/o Covert - Palisades 345 kV,Covert - Palisades 345 kV,SEGRETO - PALISADES2 345 KV,COVERT - PALISADES 345 KV,2018-10-30 07:40:00-04:00,2018-11-07 11:35:00-05:00
7279,Segreto-Palisades 2 345 kV l/o Covert-Palisades 345 kV,L345.Covert-Palisades,SEGRETO-PALISADES 2 345 KV,COVERT-PALISADES 345 KV,2018-10-29 07:00:00-04:00,2018-10-30 13:00:00-04:00
7284,W. Mt Vernon-W. Salem 138kV l/o Coffeen-Roxford 345kV,Coffeen-Roxfd 345,W. MT VERNON-W. SALEM 138 KV,COFFEEN-ROXFORD 345 KV,2018-07-25 22:20:00-04:00,2018-10-29 19:45:00-04:00
7305,Fargo 345/138 kv Xfmr l/o Duck Creek-Ipava 345 kV,Ipava-Duck Creek 345 kV,FARGO 345/138 KV XFMR,DUCK CREEK-IPAVA 345 KV,2018-10-02 13:50:00-04:00,2018-10-18 13:15:00-04:00
7360,Dune Acres-Michigan City 13843 l/o Dune Acres-Michigan City 13839,L138.Dune Acres-Michigan City.#1,DUNE ACRES-MICHIGAN CITY 13843,DUNE ACRES-MICHIGAN CITY 13839,2018-10-05 05:00:00-04:00,2018-10-07 09:00:00-04:00
7370,Dune Acres-Michigan City 13843 l/o Dune Acres-Michigan City 13839,Dune Acre-Michigan City #1,DUNE ACRES-MICHIGAN CITY 13843,DUNE ACRES-MICHIGAN CITY 13839,2018-09-30 16:25:00-04:00,2018-10-04 11:05:00-04:00
7406,Merom - Dresser 345 kV l/o Merom - Worthington 345 kV,Merom - Worthington 345 kV,MEROM - DRESSER 345 KV,MEROM - WORTHINGTON 345 KV,2018-09-20 18:25:00-04:00,2018-09-20 20:05:00-04:00
7422,Newton - Louisvil 138 kV l/o Mount Vernon - Xenia 345 kV,Mt Vernon-Xenia 345 kV,NEWTON - LOUISVIL 138 KV,MOUNT VERNON - XENIA 345 KV,2018-09-05 20:40:00-04:00,2018-09-19 16:15:00-04:00
7432,HollandNW-NeogaS 345 kV l/o Coffeen-Pana 345 kV,Coffeen-Pana 345kV,HOLLANDNW-NEOGAS 345 KV,COFFEEN-PANA 345 KV,2017-09-21 14:00:00-04:00,2018-09-17 17:30:00-04:00
7460,Boone Hydro 161/138 kV Xfmr l/o Nagel 500/138 kV Xfmr,Nagel 500/138,BOONE HYDRO 161/138 KV XFMR,NAGEL 500/138 KV XFMR,2018-09-11 16:40:00-04:00,2018-09-11 21:25:00-04:00
7510,Bosserman-Michigan City 138 kV l/o Babcock-Stillwell 345 kV,L345.Babcock-Stillwell+345/138.Stillwell.1,BOSSERMAN-MICHIGAN CITY 138 KV,BABCOCK-STILLWELL 345 KV,2018-08-19 09:00:00-04:00,2018-08-19 20:00:00-04:00
7512,Michigan City-Bosserman 138 kV l/o Olive 345 XFMR 2,345/138.Olive.T2,MICHIGAN CITY-BOSSERMAN 138 KV,OLIVE 345 XFMR 2,2017-04-17 06:00:00-04:00,2018-08-17 08:00:00-04:00
7527,Summer Shade TVA-Summer Shade Tap 161kV l/o SummerShade(TVA)-SummerShade(EKPC),Summer Shade(TVA)-Summer Shade (EKPC),SUMMER SHADE TVA-SUMMER SHADE TAP 161 KV,SUMMERSHADE(TVA)-SUMMERSHADE(EKPC),2018-07-09 17:20:00-04:00,2018-08-14 14:15:00-04:00
7560,Northwest Tap-Purdue 138kV l/o Westwood-Tippecan 138kV,L138.Westwood-Tippecanoe,NORTHWEST TAP-PURDUE 138 KV,WESTWOOD-TIPPECAN 138 KV,2018-06-26 00:00:00-04:00,2018-07-20 14:00:00-04:00
7561,Northwest Tap-Purdue 138kV l/o Westwood-Tippecan 138kV,Westwood-Tippencan 138 kV,NORTHWEST TAP-PURDUE 138 KV,WESTWOOD-TIPPECAN 138 KV,2018-06-25 16:25:00-04:00,2018-07-20 11:45:00-04:00
7608,Purdue-Northwest Tap 138kV l/o Westwood-Tippecan 138kV,Westwood-Tippencan 138 kV,PURDUE-NORTHWEST TAP 138 KV,WESTWOOD-TIPPECAN 138 KV,2018-06-25 10:00:00-04:00,2018-06-25 11:05:00-04:00
7645,Clifty Creek-Buffington 345 kV l/o Tanners Creek-Dearborn 345 kV,Dearborn-Tanners Creek 345 kV ckt 1,CLIFTY CREEK-BUFFINGTON 345 KV,TANNERS CREEK-DEARBORN 345 KV,2018-06-04 14:40:00-04:00,2018-06-05 20:40:00-04:00
7680,NWtap-Purdue 138 kV l/o Cayuga-Cayuga3 345 kV,Cayuga2-Cayuga3 345 kV,NWTAP-PURDUE 138 KV,CAYUGA-CAYUGA3 345 KV,2018-05-25 15:45:00-04:00,2018-05-31 18:00:00-04:00
7720,Michigan City-Bosserman 138 kV l/o Babcock-Stillwell 345 kV and XF 1,L345.Babcock-Stillwell+345/138.Stillwell.1,MICHIGAN CITY-BOSSERMAN 138 KV,BABCOCK-STILLWELL 345 KV AND XF 1,2018-05-21 08:00:00-04:00,2018-05-21 10:00:00-04:00
7724,Bosserman-New Carlisle 138 l/o Babcock-Stillwell 345+Stillwell 345/138,L345.Babcock-Stillwell+345/138.Stillwell.1,BOSSERMAN-NEW CARLISLE 138,BABCOCK-STILLWELL 345+STILLWELL 345/138,2016-10-06 04:00:00-04:00,2018-05-19 10:00:00-04:00
7727,McLean-Dimond Star Tap 138kV l/o Havana-Powerton Jct-HuffIP 138kV,Havana-Powerton Jct-HuffIP 138kV,MCLEAN-DIMOND STAR TAP 138 KV,HAVANA-POWERTON JCT-HUFFIP 138 KV,2018-05-11 19:00:00-04:00,2018-05-17 20:20:00-04:00
7778,W Mt Vernon - W Salem 138 kV l/o Coffeen - Pana 345 kV,L345.Coffeen-Pana,W MT VERNON - W SALEM 138 KV,COFFEEN - PANA 345 KV,2018-04-24 07:00:00-04:00,2018-05-02 13:00:00-04:00
7795,W Mt Vernon - W Salem 138 kV l/o Coffeen - Pana 345 kV,Coffeen-Pana 345kV,W MT VERNON - W SALEM 138 KV,COFFEEN - PANA 345 KV,2018-04-20 18:40:00-04:00,2018-04-26 14:10:00-04:00
7798,Midway-Schram City 138 kV l/o Coffeen-Pana 345 kV,L345.Coffeen-Pana,MIDWAY-SCHRAM CITY 138 KV,COFFEEN-PANA 345 KV,2017-06-14 07:00:00-04:00,2018-04-24 23:00:00-04:00
7800,Midway-Schram City 138 kV l/o Coffeen-Pana 345 kV,Coffeen-Pana 345kV,MIDWAY-SCHRAM CITY 138 KV,COFFEEN-PANA 345 KV,2017-06-12 14:00:00-04:00,2018-04-21 10:55:00-04:00
7803,W MtVernon 345/138 TR4 l/o Prairie St-Stallin 345,Prairie State - Stallings 345 kV,W MTVERNON 345/138 TR4,PRAIRIE ST-STALLIN 345,2018-04-19 10:15:00-04:00,2018-04-20 11:45:00-04:00
7842,Tilden Tap-Sparta Tap 138 kV l/o West Frankfort 230/138 kV Xfmr,W Franfort 230/138 kV + W Frankfort-Consol-Ashley,TILDEN TAP-SPARTA TAP 138 KV,WEST FRANKFORT 230/138 KV XFMR,2018-04-11 00:10:00-04:00,2018-04-12 02:00:00-04:00
7853,Neoga 345/138kV l/o Coffeen-Pana 345kV,Coffeen-Pana 345kV,NEOGA 345/138 KV,COFFEEN-PANA 345 KV,2018-03-17 07:00:00-04:00,2018-04-09 08:00:00-04:00
7854,Newton 345/138 TR2 l/o Newton-Casey 345,L345.Newton-Casey (Ameren),NEWTON 345/138 TR2,NEWTON-CASEY 345,2018-03-16 05:00:00-04:00,2018-04-08 23:00:00-04:00
7855,Neoga 345/138kV l/o Coffeen-Pana 345kV,L345.Coffeen-Pana,NEOGA 345/138 KV,COFFEEN-PANA 345 KV,2018-03-26 00:00:00-04:00,2018-04-08 23:00:00-04:00
7864,Tilden Jct - Sparta Tap 138 kV l/o Pickneyville - West Frankfort 230 kV,Pickneyville-St. John Tap-West Frankfort 230 kV,TILDEN JCT - SPARTA TAP 138 KV,PICKNEYVILLE - WEST FRANKFORT 230 KV,2018-04-03 19:00:00-04:00,2018-04-06 20:45:00-04:00
7887,Maroa E-Goose Creek 345 kV l/o Clinton-Brokaw 345 kV,L345.Brokaw-Clinton,MAROA E-GOOSE CREEK 345 KV,CLINTON-BROKAW 345 KV,2018-03-15 06:00:00-04:00,2018-03-31 06:00:00-04:00
7930,Maroa E - Goose Creek 345 kV l/o Clinton - Brokaw 345 kV,Clinton-Brokaw 345kV,MAROA E - GOOSE CREEK 345 KV,CLINTON - BROKAW 345 KV,2018-03-12 16:00:00-04:00,2018-03-19 07:00:00-04:00
8138,Reynolds-Magnetation 138 l/o Reynolds-Olive 34527 345,L345.Reynolds-Olive.2,REYNOLDS-MAGNETATION 138,REYNOLDS-OLIVE 34527 345,2017-10-06 17:00:00-04:00,2018-02-01 10:00:00-05:00
8145,6101-Hennepin 138 l/o Kickapoo Crk-Lasalle 138,Kickapoo Crk-Lasalle 138,6101-HENNEPIN 138,KICKAPOO CRK-LASALLE 138,2012-11-22 06:00:00-05:00,2018-01-31 07:00:00-05:00
8344,HavanaSouth-MasonCityWest 138kV l/o DuckCreek-MapleRidge 345kV,Duck Creek-Maple Ridge 345 kV,HAVANASOUTH-MASONCITYWEST 138 KV,DUCKCREEK-MAPLERIDGE 345 KV,2017-11-10 10:00:00-05:00,2017-12-22 21:00:00-05:00
8365,Pana - Shelbyville 138 kV l/o Goose Creek - Rising 345 kV,Goose Creek-Rising 345 kV,PANA - SHELBYVILLE 138 KV,GOOSE CREEK - RISING 345 KV,2017-12-13 17:00:00-05:00,2017-12-16 01:00:00-05:00
8369,Mclean-Diamond Star Tap 138 kV l/o Kickapoo Creek Lasal 138 kV,L138.Kickapoo Creek-Lasalle.0112,MCLEAN-DIAMOND STAR TAP 138 KV,KICKAPOO CREEK LASAL 138 KV,2017-12-14 07:00:00-05:00,2017-12-15 11:00:00-05:00
8426,Rantoul Jct-Paxton East 138 kV l/o Vermilion-NChampagne 138kV,Vermilion-Champagne 138,RANTOUL JCT-PAXTON EAST 138 KV,VERMILION-NCHAMPAGNE 138 KV,2017-12-05 12:00:00-05:00,2017-12-05 12:00:00-05:00
8428,Rantoul Jct-Paxton East l/o Paxton-Paxton East+Paxton-Gibson,Paxton-Paxton East + Paxton-Gibson,RANTOUL JCT-PAXTON EAST,PAXTON-PAXTON EAST+PAXTON-GIBSON,2017-12-05 11:00:00-05:00,2017-12-05 11:00:00-05:00
8463,Lakeview-282 Zion 138 kV l/o Zion-Pleasant Prairie 345 kV,L345.Zion-Pleasant Prairie.2221,LAKEVIEW-282 ZION 138 KV,ZION-PLEASANT PRAIRIE 345 KV,2017-11-27 10:00:00-05:00,2017-11-27 12:00:00-05:00
8472,6101-Hennepin 138 l/o Kickapoo Crk-Lasalle 138,L138.Kickapoo Creek-Lasalle.0112,6101-HENNEPIN 138,KICKAPOO CRK-LASALLE 138,2015-03-24 00:00:00-04:00,2017-11-22 23:00:00-05:00
8486,Holland NW - neoga s l/o Newton-Casey,Newton-Casey 345 kV,HOLLAND NW - NEOGA S,NEWTON-CASEY,2014-09-23 06:00:00-04:00,2017-11-18 23:00:00-05:00
8491,Cherry Valley-Silver Lake 345 l/o Nelson-Electric Jct 345,L345.Nelson-ElectricJunction.15502,CHERRY VALLEY-SILVER LAKE 345,NELSON-ELECTRIC JCT 345,2015-12-30 00:00:00-05:00,2017-11-17 18:00:00-05:00
8507,Neoga 345/138 kV xfmr 2 l/o Casey West-Kansas 345kV,L345.Kansas-WestCasey (Ameren),NEOGA 345/138 KV XFMR 2,CASEY WEST-KANSAS 345 KV,2017-11-08 06:00:00-05:00,2017-11-16 11:00:00-05:00
8522,Neoga 345/138 kV xfmr 2 l/o Casey West-Kansas 345kV,Kansas - W Casey 345kV,NEOGA 345/138 KV XFMR 2,CASEY WEST-KANSAS 345 KV,2017-11-07 08:00:00-05:00,2017-11-13 18:00:00-05:00
8542,Eugene-Cayuga3 345kV l/o Petersburg-Sullivan 345kV,L345.Petersburg-Sullivan.Tie,EUGENE-CAYUGA3 345 KV,PETERSBURG-SULLIVAN 345 KV,2017-11-07 05:00:00-05:00,2017-11-10 08:00:00-05:00
8576,Eugene-Cayuga3 345kV l/o Petersburg-Sullivan 345kV,BASE,EUGENE-CAYUGA3 345 KV,PETERSBURG-SULLIVAN 345 KV,2017-11-05 09:00:00-05:00,2017-11-05 09:00:00-05:00
8637,Wempletown 345/138 kV TR84 l/o Byron-Cherry Valley 0621 345 kV,L345.Byron-CherryValley.0621,WEMPLETOWN 345/138 KV TR84,BYRON-CHERRY VALLEY 0621 345 KV,2016-04-01 20:00:00-04:00,2017-10-24 09:00:00-04:00
8733,Havana-Elkhart Jct 138 kV l/o Duck Creek-Maple Ridge 345 kV,Duck Creek-Maple Ridge 345 kV,HAVANA-ELKHART JCT 138 KV,DUCK CREEK-MAPLE RIDGE 345 KV,2016-09-13 10:00:00-04:00,2017-10-09 18:00:00-04:00
8833,Newton-Rob 138kV l/o Newton-Xenia 345kV,Xenia-Newton (31330323) 345 Line,NEWTON-ROB 138 KV,NEWTON-XENIA 345 KV,2017-09-27 13:00:00-04:00,2017-09-27 16:00:00-04:00
8952,Cherry Valley TR83 345/138 l/o Cherry Valley-Silver Lake 345,L345.CherryValley-SilverLake.15616,CHERRY VALLEY TR83 345/138,CHERRY VALLEY-SILVER LAKE 345,2015-12-09 00:00:00-05:00,2017-09-14 23:00:00-04:00
9074,Michigan City-Bosserman 138 kV l/o Dumont -Wilton Center 765 kV,Dumont-Wilton Center 765kV,MICHIGAN CITY-BOSSERMAN 138 KV,DUMONT -WILTON CENTER 765 KV,2016-04-22 08:00:00-04:00,2017-08-10 08:00:00-04:00
9089,Rock Creek 345/161 TX l/o Quad Cities-Sub 91 345 kV,L345.QuadCities-Sub91.0401,ROCK CREEK 345/161 TX,QUAD CITIES-SUB 91 345 KV,2017-08-01 08:00:00-04:00,2017-08-02 23:00:00-04:00
9103,Quad Cities-Rock Creek 345 l/o Quad Cities-Sub 91 345,L345.QuadCities-Sub91.0401,QUAD CITIES-ROCK CREEK 345,QUAD CITIES-SUB 91 345,2017-07-25 19:00:00-04:00,2017-07-25 19:00:00-04:00
9105,Dune Acres- Michigan City 1 138 kv l/o Dumont - Wilton Center 765 KV,Dumont-Wilton Center 765kV,DUNE ACRES- MICHIGAN CITY 1 138 KV,DUMONT - WILTON CENTER 765 KV,2013-10-01 07:00:00-04:00,2017-07-24 07:00:00-04:00
9115,Olive-Bosserman 138 l/o Olive-New Carlisle 138,L138.Olive-NewCarlisle,OLIVE-BOSSERMAN 138,OLIVE-NEW CARLISLE 138,2016-07-12 12:00:00-04:00,2017-07-21 16:00:00-04:00
9146,Quad Cities-Sub 91 345 l/o Quad Cities-Rock Creek 345,L345.QuadCities-RockCreek.0405,QUAD CITIES-SUB 91 345,QUAD CITIES-ROCK CREEK 345,2017-07-11 09:00:00-04:00,2017-07-12 23:00:00-04:00
9227,Lake Geogre-Aetna 138 kV l/o Lake George-Miller 138 kV,Miller-LakeGeorge 138 kV,LAKE GEOGRE-AETNA 138 KV,LAKE GEORGE-MILLER 138 KV,2017-04-27 21:00:00-04:00,2017-06-14 23:00:00-04:00
9278,Segreto-Palisades 2 345 kV l/o Segreto-Palisades 1 345 kV,L345.Palisades-Segreto.1,SEGRETO-PALISADES 2 345 KV,SEGRETO-PALISADES 1 345 KV,2017-05-30 13:00:00-04:00,2017-05-30 19:00:00-04:00
9335,Kyger-DOEX530 2 345 l/o Kyger-Marq 345+Kyger-DOEX530 1 345+Kyger-Pierce 345,Kyger-Marq 345+Kyger-DOEX530 1 345+Kyger-Pierce345,KYGER-DOEX530 2 345,KYGER-MARQ 345+KYGER-DOEX530 1 345+KYGER-PIERCE 345,2017-05-15 16:00:00-04:00,2017-05-15 20:00:00-04:00
9351,Montgomery-Enon Tap 345kV l/o Labadie-Montgomery 345kV,Labadie - Montgomery 345kV,MONTGOMERY-ENON TAP 345 KV,LABADIE-MONTGOMERY 345 KV,2017-05-08 20:00:00-04:00,2017-05-11 07:00:00-04:00
9376,Louisville - Olney 138 kV l/o Casey - Newton,Newton-Casey 345 kV,LOUISVILLE - OLNEY 138 KV,CASEY - NEWTON,2016-07-25 12:00:00-04:00,2017-05-08 06:00:00-04:00
9384,6101-Hennepin 138 l/o Princetp Sub 138,Princetp 138 Sub,6101-HENNEPIN 138,PRINCETP SUB 138,2015-04-21 06:00:00-04:00,2017-05-05 06:00:00-04:00
9391,Mt Vernon 345/138 kV l/o Newton-Xenia 345 kV,Xenia-Newton (31330323) 345 Line,MT VERNON 345/138 KV,NEWTON-XENIA 345 KV,2017-05-04 01:00:00-04:00,2017-05-04 01:00:00-04:00
9413,6101-Hennepin 138 l/o Princetp 138 Sub,Princetp 138 Sub,6101-HENNEPIN 138,PRINCETP 138 SUB,2013-05-31 02:00:00-04:00,2017-04-30 20:00:00-04:00
9449,6101-Hennepin 138 l/o Oglesby Tap 138 sub,L138.Mazon-CrescentRdg-Oglesby.7713 (Oglesby Tap),6101-HENNEPIN 138,OGLESBY TAP 138 SUB,2017-04-19 00:00:00-04:00,2017-04-21 06:00:00-04:00
9451,Paxton East-Rantoul Jct l/o Goodland-Morrison & Goodland Xfmr 1,Godlnd-Morrison 138kV + GodLnd 69/138kV XF1,PAXTON EAST-RANTOUL JCT,GOODLAND-MORRISON & GOODLAND XFMR 1,2017-04-20 03:00:00-04:00,2017-04-20 03:00:00-04:00
9461,6101-Hennepin 138kV l/o Mazon-Cresent Ridge-Oglesby 138kV,Oglesby Tap 138 sub,6101-HENNEPIN 138 KV,MAZON-CRESENT RIDGE-OGLESBY 138 KV,2017-04-18 00:00:00-04:00,2017-04-18 17:00:00-04:00
9544,Ipava-Macomb 138 kV l/o Duck Creek-Maple Ridge 345 kV,Duck Creek-Maple Ridge 345 kV,IPAVA-MACOMB 138 KV,DUCK CREEK-MAPLE RIDGE 345 KV,2016-10-28 18:00:00-04:00,2017-04-01 23:00:00-04:00
9555,Ipava - Ipava S 138 l/o Powerton 6,Powerton U6,IPAVA - IPAVA S 138,POWERTON 6,2017-03-30 10:00:00-04:00,2017-03-30 14:00:00-04:00
9614,Ipava S-Ipava 138 l/o Duck Creek-Maple Ridge 345,Duck Creek-Maple Ridge 345 kV,IPAVA S-IPAVA 138,DUCK CREEK-MAPLE RIDGE 345,2016-12-29 21:00:00-05:00,2017-03-19 07:00:00-04:00
9615,Enon-Montgomery 345 kV l/o Labadie-Mongomery 345 kV,Labadie - Montgomery 345kV,ENON-MONTGOMERY 345 KV,LABADIE-MONGOMERY 345 KV,2017-03-19 04:00:00-04:00,2017-03-19 04:00:00-04:00
9686,MtVernon TR 345/138 kV l/o MtVernon-Xenia 345 kV,Mt Vernon-Xenia 345 kV,MTVERNON TR 345/138 KV,MTVERNON-XENIA 345 KV,2017-02-23 06:00:00-05:00,2017-02-23 06:00:00-05:00
9698,15627-Glidden 138 kV l/o Cherry Valley-Silver Lake 345 kV,L345.CherryValley-SilverLake.15616,15627-GLIDDEN 138 KV,CHERRY VALLEY-SILVER LAKE 345 KV,2016-03-25 00:00:00-04:00,2017-02-14 20:00:00-05:00
9727,State Line TR82 345/138 l/o Burnham-Sheffield 345,L345.Burnham-Sheffield.17705 TIE,STATE LINE TR82 345/138,BURNHAM-SHEFFIELD 345,2016-12-30 00:00:00-05:00,2017-02-04 15:00:00-05:00
9777,Dumont T1 765/345 kV l/o Cook-Dumont 765 kV,L765.Cook-Dumont,DUMONT T1 765/345 KV,COOK-DUMONT 765 KV,2017-01-03 23:00:00-05:00,2017-01-13 21:00:00-05:00
9783,Miami Fort 345/138-kV TX9 l/o East Bend-Terminal 345 kV,L345.EastBend-Terminal,MIAMI FORT 345/138-KV TX9,EAST BEND-TERMINAL 345 KV,2017-01-10 21:00:00-05:00,2017-01-10 21:00:00-05:00
9794,Reynolds-Magnetation 138 l/o Eugene-Cayuga3 345,L345.Cayuga-Eugene,REYNOLDS-MAGNETATION 138,EUGENE-CAYUGA3 345,2015-05-12 00:00:00-04:00,2017-01-10 11:00:00-05:00
9799,Reynolds-Magnetation 138 kV l/o Meadow Lake-Olive 345 kV,L345.Olive-MeadowLake,REYNOLDS-MAGNETATION 138 KV,MEADOW LAKE-OLIVE 345 KV,2016-09-12 09:00:00-04:00,2017-01-09 23:00:00-05:00
9800,Person4 -Half296 296B l/o  Heritage - Wake,L500.BrunswickSwitchingStationHeritage-Wake.570,PERSON4 -HALF296 296B,HERITAGE - WAKE,2016-01-06 00:00:00-05:00,2017-01-09 20:00:00-05:00
9812,Person-Sedge Hill 230 kV l/o Wake-Heritage 500 kV,Heritage-Wake 500 kV,PERSON-SEDGE HILL 230 KV,WAKE-HERITAGE 500 KV,2017-01-07 12:00:00-05:00,2017-01-07 12:00:00-05:00
9830,Ipava-Ipava S 138 l/o Duck Creek-Maple Ridge 345,Duck Creek-Maple Ridge 345 kV,IPAVA-IPAVA S 138,DUCK CREEK-MAPLE RIDGE 345,2016-12-29 15:00:00-05:00,2016-12-29 17:00:00-05:00
9839,Terminal 345/138 TR11 l/o Red Bank-Terminal 345+Terminal 345/138 TR12,L345.Red Bank-Terminal,TERMINAL 345/138 TR11,RED BANK-TERMINAL 345+TERMINAL 345/138 TR12,2016-12-13 00:00:00-05:00,2016-12-22 16:00:00-05:00
10063,Albany-Garden Plain 138 l/o Quad Cities-H471 345,L345.QuadCities-H471.0404,ALBANY-GARDEN PLAIN 138,QUAD CITIES-H471 345,2016-11-04 08:00:00-04:00,2016-11-04 19:00:00-04:00
10071,Quad Cities-Cordova 0402 345 kV l/o Quad Cities-H471 0404 345 kV,L345.QuadCities-H471.0404,QUAD CITIES-CORDOVA 0402 345 KV,QUAD CITIES-H471 0404 345 KV,2016-11-02 05:00:00-04:00,2016-11-02 20:00:00-04:00
10160,Ipava S-Frederc3 138 kV l/o Duck Creek-Maple Ridge 345 kV,Duck Creek-Maple Ridge 345 kV,IPAVA S-FREDERC3 138 KV,DUCK CREEK-MAPLE RIDGE 345 KV,2016-10-18 12:00:00-04:00,2016-10-19 14:00:00-04:00
10204,Dumont 765/345 kV T1 l/o Cook 765/345kV TR,765/345.Cook.T4,DUMONT 765/345 KV T1,COOK 765/345 KV TR,2016-10-01 08:00:00-04:00,2016-10-12 21:00:00-04:00
10226,Ramsey-Pana 138 kV l/o Kincaid-Pana-Coffen 345+Pana TR+Kincaid U1,Kincaid-Pana-Coffeen 345+Kincaid U1,RAMSEY-PANA 138 KV,KINCAID-PANA-COFFEN 345+PANA TR+KINCAID U1,2016-07-22 18:00:00-04:00,2016-10-06 10:00:00-04:00
10250,6 Byron-156 Cherry Valley 0621 l/o Nelson-Electric Junction,L345.Nelson-ElectricJunction.15502,6 BYRON-156 CHERRY VALLEY 0621,NELSON-ELECTRIC JUNCTION,2016-09-19 06:00:00-04:00,2016-09-29 23:00:00-04:00
10296,Greentown TR1 765/138 kV l/o Hanging Rock-Baker 765 kV,L765.Baker-HangingRock,GREENTOWN TR1 765/138 KV,HANGING ROCK-BAKER 765 KV,2016-09-15 00:00:00-04:00,2016-09-20 23:00:00-04:00
10297,Cherry Valley 345/138 TR82 l/o Cherry Valley-Silver Lake 345,L345.CherryValley-SilverLake.15616,CHERRY VALLEY 345/138 TR82,CHERRY VALLEY-SILVER LAKE 345,2016-02-12 00:00:00-05:00,2016-09-20 22:00:00-04:00
10304,Midway-Schram 138 kV l/o Ramsey TR 138/345 kV + Coffeen-Ramsey-Holland 345 kV,Coffeen-Ramsey-Holland 345+Ramsey 345/138,MIDWAY-SCHRAM 138 KV,RAMSEY TR 138/345 KV + COFFEEN-RAMSEY-HOLLAND 345 KV,2016-09-19 09:00:00-04:00,2016-09-20 11:00:00-04:00
10321,Greentown TR1 765/138 kV l/o Hanging Rock-Baker 765 kV,Baker-Hanging Rock 765 kV,GREENTOWN TR1 765/138 KV,HANGING ROCK-BAKER 765 KV,2016-09-15 13:00:00-04:00,2016-09-16 13:00:00-04:00
10330,Pawnee-Auburn 138 l/o Kincaid-Lansville 345,Kincaid-Lanesvl 345 kV,PAWNEE-AUBURN 138,KINCAID-LANSVILLE 345,2016-05-26 17:00:00-04:00,2016-09-15 17:00:00-04:00
10359,Loretto-Wilton Center 345 kV l/o Pontiac-Dresden 345 kV+Pontiac TR82,L345.12 Dresden-80 Pontiac.8014+345/138.Pontic.T82,LORETTO-WILTON CENTER 345 KV,PONTIAC-DRESDEN 345 KV+PONTIAC TR82,2016-07-09 00:00:00-04:00,2016-09-12 22:00:00-04:00
10363,Havana-Elkhart Jct 138 kV l/o Duck Creek-Tazewell 345 kV,Duck Creek-Tazewell (33161331) 345 Line,HAVANA-ELKHART JCT 138 KV,DUCK CREEK-TAZEWELL 345 KV,2016-09-10 15:00:00-04:00,2016-09-12 20:00:00-04:00
10388,Rising 345/138-kV TX1 l/o Clinton-Brokaw 345 kV,Clinton-Brokaw 345kV,RISING 345/138-KV TX1,CLINTON-BROKAW 345 KV,2012-10-08 08:00:00-04:00,2016-09-10 12:00:00-04:00
10391,Greentown 765/138 TX1 l/o Dumont-Greentown 765+Greentown TX2,L765.Dumont-Greentown,GREENTOWN 765/138 TX1,DUMONT-GREENTOWN 765+GREENTOWN TX2,2016-09-07 00:00:00-04:00,2016-09-09 21:00:00-04:00
10395,Ipava-Macomb 138 kV l/o Duck Creek-Maple Ridge 345 kV,Duck Creek - Maple Ridge 345 kV,IPAVA-MACOMB 138 KV,DUCK CREEK-MAPLE RIDGE 345 KV,2016-09-08 11:00:00-04:00,2016-09-09 19:00:00-04:00
10401,Ipava-Canton 138 kV l/o Duck Creek-Tazewell 345 kV,Duck Creek-Tazewell (33161331) 345 Line,IPAVA-CANTON 138 KV,DUCK CREEK-TAZEWELL 345 KV,2016-09-09 09:00:00-04:00,2016-09-09 09:00:00-04:00
10403,Mercer IP-Galesburg 161kV l/o Nelson-Electric Junction 345kV,L345.Nelson-ElectricJunction.15502,MERCER IP-GALESBURG 161 KV,NELSON-ELECTRIC JUNCTION 345 KV,2015-12-09 00:00:00-05:00,2016-09-09 07:00:00-04:00
10419,NLG-Burlington 138 kV l/o CherryValley-SilverLake 345 kV,Cherry Valley-Silver Lake 345kV (15616 line),NLG-BURLINGTON 138 KV,CHERRYVALLEY-SILVERLAKE 345 KV,2016-09-07 00:00:00-04:00,2016-09-08 00:00:00-04:00
10432,Dumont 1-P TR 765/345 kV l/o Cook U1,Cook.U1,DUMONT 1-P TR 765/345 KV,COOK U1,2016-07-23 00:00:00-04:00,2016-09-06 21:00:00-04:00
10461,Oak Grove-Mercer 161 kV l/o Nelson-Electric Junction 345 kV,L345.Nelson-ElectricJunction.15502,OAK GROVE-MERCER 161 KV,NELSON-ELECTRIC JUNCTION 345 KV,2016-05-28 00:00:00-04:00,2016-08-29 23:00:00-04:00
10463,Mercer IP-Galesburg 161kV l/o Nelson-Electric Junction 345kV,Nelson-Electric Junction 345kV (15502 line),MERCER IP-GALESBURG 161 KV,NELSON-ELECTRIC JUNCTION 345 KV,2015-06-28 10:00:00-04:00,2016-08-29 05:00:00-04:00
10490,Oak Grove-Mercer 161 kV l/o Nelson-Electric Junction 345 kV,Nelson-Electric Junction 345kV (15502 line),OAK GROVE-MERCER 161 KV,NELSON-ELECTRIC JUNCTION 345 KV,2015-12-03 17:00:00-05:00,2016-08-23 01:00:00-04:00
10520,Lakeview-282 Zion 138 kV l/o Zion-Pleasant Prairie 345 kV,Zion-Pleas PR (2221) 345 Line,LAKEVIEW-282 ZION 138 KV,ZION-PLEASANT PRAIRIE 345 KV,2011-02-02 00:00:00-05:00,2016-08-15 19:00:00-04:00
10523,Arcadian-Zion 345 kV l/o Pleasant Prairie-Zion 345 kV,Zion-Pleas PR (2221) 345 Line,ARCADIAN-ZION 345 KV,PLEASANT PRAIRIE-ZION 345 KV,2016-08-15 09:00:00-04:00,2016-08-15 09:00:00-04:00
10538,Greentown-Kokomo_E 230kV l/o Walton-Peru-Greentown 230kV,Walton-Peru-Greentown 230kV,GREENTOWN-KOKOMO_E 230 KV,WALTON-PERU-GREENTOWN 230 KV,2016-08-11 20:00:00-04:00,2016-08-12 10:00:00-04:00
10591,NChampgn-Vermilion 138 kV l/o Casey West-Sullivan 345 kV,Sullivan-Casey 345 kV,NCHAMPGN-VERMILION 138 KV,CASEY WEST-SULLIVAN 345 KV,2016-03-12 08:00:00-05:00,2016-07-30 08:00:00-04:00
10600,SummerShadeTVA-SummerShadeTap l/o Summer ShadeEKPC-SummerShadeTVA,Summer Shade(TVA)-Summer Shade (EKPC),SUMMERSHADETVA-SUMMERSHADETAP,SUMMER SHADEEKPC-SUMMERSHADETVA,2015-07-20 16:00:00-04:00,2016-07-28 19:00:00-04:00
10617,EffinghamNW - Effingham 138 kV l/o Casey - Newton 345 kV,Newton-Casey 345 kV,EFFINGHAMNW - EFFINGHAM 138 KV,CASEY - NEWTON 345 KV,2016-07-25 09:00:00-04:00,2016-07-25 21:00:00-04:00
10643,DuneAcres-MichiganCity 2 138 kV l/o Olive XFMR 138/345 kV,BASE,DUNEACRES-MICHIGANCITY 2 138 KV,OLIVE XFMR 138/345 KV,2016-07-19 07:00:00-04:00,2016-07-19 07:00:00-04:00
10649,Brokaw-N Leroy 138 kV l/o Clinton-Oreana-GooseCrk 345 kV,Clinton-Oreana-GooseCrk 345 kV,BROKAW-N LEROY 138 KV,CLINTON-OREANA-GOOSECRK 345 KV,2012-11-14 01:00:00-05:00,2016-07-17 13:00:00-04:00
10697,20 Braid345 KV  2003 l/o L345.Braidwood-EastFrankfort 2001,L345.Braidwood-EastFrankfort.2001,20 BRAID345 KV 2003,L345.BRAIDWOOD-EASTFRANKFORT 2001,2016-07-05 00:00:00-04:00,2016-07-05 23:00:00-04:00
10743,Macomb-Ipava 138 kV l/o Duck Creek-Tazewell 345 kV,Duck Creek-Tazewell (33161331) 345 Line,MACOMB-IPAVA 138 KV,DUCK CREEK-TAZEWELL 345 KV,2016-06-16 15:00:00-04:00,2016-06-16 15:00:00-04:00
10782,Watts Bar-Volunteer 500 kV l/o Bull Run-Volunteer 500 kV,Bull Run-Volunteer 500 kV,WATTS BAR-VOLUNTEER 500 KV,BULL RUN-VOLUNTEER 500 KV,2016-06-02 16:00:00-04:00,2016-06-03 21:00:00-04:00
10805,Mercer IP-Galesburg 161kV l/o Cherry Valley-Silver Lake 345kV,Cherry Valley-Silver Lake 345kV (15616 line),MERCER IP-GALESBURG 161 KV,CHERRY VALLEY-SILVER LAKE 345 KV,2016-06-01 10:00:00-04:00,2016-06-01 10:00:00-04:00
10807,6101-Hennepin 138 kV l/o Havana-Powerton-Danvers 138 kV,Powerton-Havana-Lilly-Old Danverson,6101-HENNEPIN 138 KV,HAVANA-POWERTON-DANVERS 138 KV,2016-05-27 04:00:00-04:00,2016-06-01 03:00:00-04:00
10840,6101-Hennepin 138 l/o Nelson-Electric Jct 345,L345.Nelson-ElectricJunction.15502,6101-HENNEPIN 138,NELSON-ELECTRIC JCT 345,2016-05-24 07:00:00-04:00,2016-05-25 19:00:00-04:00
10842,Cornbelt-Gibson 138kV l/o RantJ-Sid 138kV+Rant-RantJ 138kV+RantJ-PaxE 138kV,RantJ-Sid 138kV+Rant-RantJ 138kV+RantJ-PaxE 138kV,CORNBELT-GIBSON 138 KV,RANTJ-SID 138 KV+RANT-RANTJ 138 KV+RANTJ-PAXE 138 KV,2016-05-25 16:00:00-04:00,2016-05-25 17:00:00-04:00
10847,Ramsey-Pana 138 kV l/o Coffeen-Pana-Kincaid 345 kV,Coffeen-Pana-Kincaid 345kV,RAMSEY-PANA 138 KV,COFFEEN-PANA-KINCAID 345 KV,2016-03-29 13:00:00-04:00,2016-05-24 22:00:00-04:00
10849,12204-Pleasant Valley 12204 2 138 l/o Cherry Valley-Silver Lake 345,L345.CherryValley-SilverLake.15616,12204-PLEASANT VALLEY 12204 2 138,CHERRY VALLEY-SILVER LAKE 345,2016-01-12 07:00:00-05:00,2016-05-24 11:00:00-04:00
10851,6101Tap-Hennepin 138 kV l/o Nelson-Electric Junction 345 kV,Nelson-Electric Junction 345kV (15502 line),6101TAP-HENNEPIN 138 KV,NELSON-ELECTRIC JUNCTION 345 KV,2016-05-23 15:00:00-04:00,2016-05-23 16:00:00-04:00
10855,Kewanee-6101 138 l/o Nelson-Electric Junction 345,L345.Nelson-ElectricJunction.15502,KEWANEE-6101 138,NELSON-ELECTRIC JUNCTION 345,2016-05-21 05:00:00-04:00,2016-05-21 21:00:00-04:00
10885,Vermilion-NChampgn 138kV l/o Vermilion-Tilton 138kV,Vermilion-Tilton 138 kV,VERMILION-NCHAMPGN 138 KV,VERMILION-TILTON 138 KV,2016-05-14 00:00:00-04:00,2016-05-14 17:00:00-04:00
10907,Vermilion-Tiltonec 138kV l/o Sullivan-Casey 345 kV,Sullivan-Casey 345 kV,VERMILION-TILTONEC 138 KV,SULLIVAN-CASEY 345 KV,2016-03-08 02:00:00-05:00,2016-05-09 06:00:00-04:00
10910,Vermilion-Tilton 138 kV l/o Sullivan-Casey 345 kV,L345.Sullivan-CaseyWest,VERMILION-TILTON 138 KV,SULLIVAN-CASEY 345 KV,2016-03-18 03:00:00-04:00,2016-05-06 07:00:00-04:00
10937,NChampgn-Vermilion 138 kV l/o Casey West-Sullivan 345 kV,L345.Sullivan-CaseyWest,NCHAMPGN-VERMILION 138 KV,CASEY WEST-SULLIVAN 345 KV,2016-04-10 00:00:00-04:00,2016-04-28 09:00:00-04:00
10938,15627-Glidden 138 kV l/o Nelson-Electric Jct 345 kV,L345.Nelson-ElectricJunction.15502,15627-GLIDDEN 138 KV,NELSON-ELECTRIC JCT 345 KV,2016-04-26 23:00:00-04:00,2016-04-28 08:00:00-04:00
10939,Bunsonville 138/345 TR1 l/o Sullivan-Casey West 345,L345.Sullivan-CaseyWest,BUNSONVILLE 138/345 TR1,SULLIVAN-CASEY WEST 345,2016-04-07 04:00:00-04:00,2016-04-28 06:00:00-04:00
10966,Braidwood-E Frankfurt 2001 345 l/o Braidwood-Davis Creek 2002 345+DC TR83 345,L345.Braidwd-DvisCrk.2002&DvisCrek.T83 S SPOG2-24,BRAIDWOOD-E FRANKFURT 2001 345,BRAIDWOOD-DAVIS CREEK 2002 345+DC TR83 345,2016-04-04 12:00:00-04:00,2016-04-20 22:00:00-04:00
10991,Bunsonville 138/345 TR low to high l/o Casey-Sullivan 345 kV,Sullivan-Casey 345 kV,BUNSONVILLE 138/345 TR LOW TO HIGH,CASEY-SULLIVAN 345 KV,2016-03-16 06:00:00-04:00,2016-04-15 06:00:00-04:00
11012,Henepin-LTV Steel IP 1512 l/o Kickapoo Creek- Lasalle 138,Kickapoo Crk-Lasalle 138,HENEPIN-LTV STEEL IP 1512,KICKAPOO CREEK- LASALLE 138,2015-11-11 07:00:00-05:00,2016-04-10 07:00:00-04:00
11014,Mercer IP-Galesburg 161kV l/o Sterling Steel-Nelson 345 kV,L345.155 Nelson-H471.15504,MERCER IP-GALESBURG 161 KV,STERLING STEEL-NELSON 345 KV,2016-04-03 00:00:00-04:00,2016-04-09 23:00:00-04:00
11023,Michigan City-Maple 138 l/o Dumont-Wilton Center 765,L765.Dumont-Wilton Center.11215,MICHIGAN CITY-MAPLE 138,DUMONT-WILTON CENTER 765,2015-02-06 08:00:00-05:00,2016-04-08 23:00:00-04:00
11028,Lafayette-Summershade 161 kV l/o E Glasgow-Summer Shade 161 kV,E Glasgow-Summer Shade 161 kV,LAFAYETTE-SUMMERSHADE 161 KV,E GLASGOW-SUMMER SHADE 161 KV,2016-04-08 06:00:00-04:00,2016-04-08 14:00:00-04:00
11046,Mercer IP-Galesburg 161kV l/o Sterling Steel-Nelson 345 kV,Sterling Steel-Nelson 345 kV,MERCER IP-GALESBURG 161 KV,STERLING STEEL-NELSON 345 KV,2016-04-01 19:00:00-04:00,2016-04-05 18:00:00-04:00
11048,Brokaw-Leroy 138 kV l/o Kansas-Casey 345 kV,Kansas - W Casey 345kV,BROKAW-LEROY 138 KV,KANSAS-CASEY 345 KV,2016-04-05 14:00:00-04:00,2016-04-05 14:00:00-04:00
11069,Mercer IP-Galesburg 161 kV l/o Cordova-Nelson 345 kV,L345.Nelson-Cordova.15503 SPOG 1-3-G,MERCER IP-GALESBURG 161 KV,CORDOVA-NELSON 345 KV,2016-03-23 00:00:00-04:00,2016-04-01 07:00:00-04:00
11072,Sidney-SW Campus 138 kV l/o Kincaid-Pana-Coffeen 345 kV,Coffeen-Pana-Kincaid 345kV,SIDNEY-SW CAMPUS 138 KV,KINCAID-PANA-COFFEEN 345 KV,2016-03-31 13:00:00-04:00,2016-03-31 14:00:00-04:00
11114,Mercer IP-Galesburg 161kV l/o Cordova-Nelson 345 kV,Cordova-Nelson (15503) 345 Line,MERCER IP-GALESBURG 161 KV,CORDOVA-NELSON 345 KV,2016-03-22 00:00:00-04:00,2016-03-23 06:00:00-04:00
11137,Vermilion-Tilton 138 kV l/o Sullivan-Casey 345 kV,Sullivan-Casey West 345 kV,VERMILION-TILTON 138 KV,SULLIVAN-CASEY 345 KV,2016-03-10 02:00:00-05:00,2016-03-17 06:00:00-04:00
11141,Pontiac-Loretto 345 kV l/o Pontiac-Dresden 345 kV (8014),L345.12 Dresden-80 Pontiac.8014+345/138.Pontic.T82,PONTIAC-LORETTO 345 KV,PONTIAC-DRESDEN 345 KV (8014),2016-02-02 11:00:00-05:00,2016-03-16 16:00:00-04:00
11154,Bunsonville 138/345 TR1 l/o Sullivan-Casey West 345,Sullivan-Casey West 345 kV,BUNSONVILLE 138/345 TR1,SULLIVAN-CASEY WEST 345,2016-03-08 04:00:00-05:00,2016-03-09 23:00:00-05:00
11240,BUTL APS 138KV BUT-KAR l/o L345.ErieWest-Ashtabula-Perry+SPS.Warren,L345.ErieWest-Ashtabula-Perry + SPS.Warren,BUTL APS 138 KV BUT-KAR,L345.ERIEWEST-ASHTABULA-PERRY+SPS.WARREN,2014-07-29 00:00:00-04:00,2016-02-14 23:00:00-05:00
11251,Gary Ave  345 KV  XFMR l/o Dumont-Wilton Center,Dumont-Wilton Center 765kV,GARY AVE 345 KV XFMR,DUMONT-WILTON CENTER,2016-02-03 05:00:00-05:00,2016-02-12 17:00:00-05:00
11260,Gary Ave XF2 345/138 kV l/o Wiltoncenter-Dumont 765 kV,Dumont-Wilton Center 765kV,GARY AVE XF2 345/138 KV,WILTONCENTER-DUMONT 765 KV,2016-02-02 07:00:00-05:00,2016-02-10 13:00:00-05:00
11265,Palmyra 345/161-kV TX l/o Montgomery-Spencer 345 kV,Montgomery-Spencer 345kV (31230314 line),PALMYRA 345/161-KV TX,MONTGOMERY-SPENCER 345 KV,2015-03-29 05:00:00-04:00,2016-02-08 11:00:00-05:00
11295,Gillespie Tap-Laclede Tap 138 kV l/o Coffeen-Roxford 345 kV,Coffeen-Roxfd 345,GILLESPIE TAP-LACLEDE TAP 138 KV,COFFEEN-ROXFORD 345 KV,2013-10-07 06:00:00-04:00,2016-01-29 19:00:00-05:00
11325,Person-Halifax 230 kV l/o Wake-Heritage 500 kV,Heritage-Wake 500 kV,PERSON-HALIFAX 230 KV,WAKE-HERITAGE 500 KV,2016-01-05 02:00:00-05:00,2016-01-23 15:00:00-05:00
11328,Rantoul-Rantoul Jct 138 KV l/o Rising-N Champaign-Mahomet 138 kV,N.Champaign-Mohomet-Rising 138kV 3-Way Tap,RANTOUL-RANTOUL JCT 138 KV,RISING-N CHAMPAIGN-MAHOMET 138 KV,2013-06-10 00:00:00-04:00,2016-01-22 08:00:00-05:00
11334,Rantoul-Rantoul Jct 138 kV l/o N Champaign-Mahomet-Rising 138,N.Champaign-Mohomet-Rising 138kV,RANTOUL-RANTOUL JCT 138 KV,N CHAMPAIGN-MAHOMET-RISING 138,2014-06-14 18:00:00-04:00,2016-01-21 17:00:00-05:00
11337,Monroe-Bayshore 345 kV l/o Lulu 345 kV Sub,L345.Lulu Tap (AllenJunction-Lulu-Milan-Monroe),MONROE-BAYSHORE 345 KV,LULU 345 KV SUB,2015-04-15 00:00:00-04:00,2016-01-19 22:00:00-05:00
11369,Kammer 2 138kv KAM-NAT l/o Muskingum River D,345/138.Muskingum River.D,KAMMER 2 138 KV KAM-NAT,MUSKINGUM RIVER D,2015-10-03 00:00:00-04:00,2016-01-11 19:00:00-05:00
11451,Westwood-NW Tap 138 l/o Cayuga-Eugene 345,L345.Cayuga-Eugene,WESTWOOD-NW TAP 138,CAYUGA-EUGENE 345,2015-12-09 00:00:00-05:00,2015-12-14 23:00:00-05:00
11472,Westwood - NW_Tap l/o Cayuga - Eugene 345 kV,Caysub-Eugene 345kV,WESTWOOD - NW_TAP,CAYUGA - EUGENE 345 KV,2015-12-07 23:00:00-05:00,2015-12-11 07:00:00-05:00
11489,Cherry Valley TR83 345/138 l/o Cherry Valley-Silver Lake 345,L345.Cherry Valley-Silver Lake.15616,CHERRY VALLEY TR83 345/138,CHERRY VALLEY-SILVER LAKE 345,2015-09-18 21:00:00-04:00,2015-12-08 23:00:00-05:00
11490,Mercer IP-Galesburg 161kV l/o Nelson-Electric Junction 345kV,L345.Nelson-Electric Junction.15502,MERCER IP-GALESBURG 161 KV,NELSON-ELECTRIC JUNCTION 345 KV,2015-09-15 00:00:00-04:00,2015-12-08 23:00:00-05:00
11496,Coffeen North-Ramsey 345 kV l/o Praire State-WMt Vernon 345,Prairie State-W Mt. Vernon + TR4,COFFEEN NORTH-RAMSEY 345 KV,PRAIRE STATE-WMT VERNON 345,2015-12-08 17:00:00-05:00,2015-12-08 17:00:00-05:00
11508,Belvidere-12205 138 l/o Cherry Valley-Silver Lake 345,L345.Cherry Valley-Silver Lake.15616,BELVIDERE-12205 138,CHERRY VALLEY-SILVER LAKE 345,2015-04-13 06:00:00-04:00,2015-12-06 00:00:00-05:00
11514,Nelson-15508 138 l/o Nelson-Electric Jct 345,L345.Nelson-Electric Junction.15502,NELSON-15508 138,NELSON-ELECTRIC JCT 345,2015-05-03 00:00:00-04:00,2015-12-04 20:00:00-05:00
11516,Burnham-Munster 345 kV l/o E. Frankfort-Crete 345 kV,345L6607 E Frankfort-Crete 345 kV Line,BURNHAM-MUNSTER 345 KV,E. FRANKFORT-CRETE 345 KV,2011-12-05 07:00:00-05:00,2015-12-03 23:00:00-05:00
11518,Michigan City-Trail Creek 138 kV l/o Olive 345/138 kV,345/138.Olive.T2 (Sctnlz),MICHIGAN CITY-TRAIL CREEK 138 KV,OLIVE 345/138 KV,2014-11-20 00:00:00-05:00,2015-12-03 15:00:00-05:00
11537,Cherry Valley-15622 138 l/o Cherry Valley-Silver Lake 345,L345.Cherry Valley-Silver Lake.15616,CHERRY VALLEY-15622 138,CHERRY VALLEY-SILVER LAKE 345,2015-11-30 11:00:00-05:00,2015-11-30 21:00:00-05:00
11548,W Lafayette-Cumberland 138 kV l/o Cayuga-Eugene 345 kV,Caysub-Eugene 345kV,W LAFAYETTE-CUMBERLAND 138 KV,CAYUGA-EUGENE 345 KV,2015-11-25 07:00:00-05:00,2015-11-25 13:00:00-05:00
11588,124 Maryland-11902 138 l/o Byron-Lee County 345 kV,L345.Byron-LeeCounty.0627,124 MARYLAND-11902 138,BYRON-LEE COUNTY 345 KV,2015-10-29 00:00:00-04:00,2015-11-16 10:00:00-05:00
11590,Bunsonville-Eugene 345 kV l/o Casey-Breed 345 kV,Breed-Casey (BRE-WCA1) 345 Line,BUNSONVILLE-EUGENE 345 KV,CASEY-BREED 345 KV,2010-03-25 00:00:00-04:00,2015-11-16 09:00:00-05:00
11591,Bunsonville-Eugene 345 kV l/o Casey-Breed 345 kV,L345.Breed-WestCasey,BUNSONVILLE-EUGENE 345 KV,CASEY-BREED 345 KV,2014-03-15 01:00:00-04:00,2015-11-16 07:00:00-05:00
11593,1352-Lilly 138 kV l/o Clinton Unit 1,Clinton Unit 1,1352-LILLY 138 KV,CLINTON UNIT 1,2013-04-06 01:00:00-04:00,2015-11-16 05:00:00-05:00
11596,Mercer IP-Galesburg 161kV l/o Byron-Lee County 345,Byron - Lee 0627 345kv line,MERCER IP-GALESBURG 161 KV,BYRON-LEE COUNTY 345,2015-11-12 04:00:00-05:00,2015-11-16 02:00:00-05:00
11678,Tippecan-Lafaysouth 138 l/o Westwood-08NW_Tap-WLafyett 138 kV,Westwood-08NW_Tap-WLafyett 138,TIPPECAN-LAFAYSOUTH 138,WESTWOOD-08NW_TAP-WLAFYETT 138 KV,2015-09-08 11:00:00-04:00,2015-10-31 21:00:00-04:00
11680,Michigan City-Trail Creek 138 kV l/o Wilton Center-Dumont 765 kV,L765.Dumont-Wilton Center.11215,MICHIGAN CITY-TRAIL CREEK 138 KV,WILTON CENTER-DUMONT 765 KV,2015-08-21 00:00:00-04:00,2015-10-29 23:00:00-04:00
11697,12204-Pleasant Valley 12204 2 138 l/o Cherry Valley-Silver Lake 345,L345.Cherry Valley-Silver Lake.15616,12204-PLEASANT VALLEY 12204 2 138,CHERRY VALLEY-SILVER LAKE 345,2015-08-29 00:00:00-04:00,2015-10-27 05:00:00-04:00
11720,Michigan City-Trail Creek 138 l/o Michigan City-Bosserman 138,Michigan City-Laporte 138,MICHIGAN CITY-TRAIL CREEK 138,MICHIGAN CITY-BOSSERMAN 138,2015-10-19 01:00:00-04:00,2015-10-21 00:00:00-04:00
11753,Sidney TR2 138/345 l/o Casey-Breed 345,Breed-Casey (BRE-WCA1) 345 Line,SIDNEY TR2 138/345,CASEY-BREED 345,2015-10-09 05:00:00-04:00,2015-10-11 08:00:00-04:00
11758,Casey-Breed 345 l/o Wilton Center-Dumont 765,Dumont-Wilton Center 765kV,CASEY-BREED 345,WILTON CENTER-DUMONT 765,2014-11-02 06:00:00-05:00,2015-10-09 09:00:00-04:00
11781,124 Maryland-11902 138 l/o Nelson-Electric Jct 345,L345.Nelson-Electric Junction.15502,124 MARYLAND-11902 138,NELSON-ELECTRIC JCT 345,2015-04-11 08:00:00-04:00,2015-10-03 23:00:00-04:00
11814,Cordova-Nelson 15503 345 l/o Nelson-H471 15504 345,345L15504 Nelson-H471 345 kV Line,CORDOVA-NELSON 15503 345,NELSON-H471 15504 345,2015-07-30 10:00:00-04:00,2015-09-29 23:00:00-04:00
11830,Hennepin-LTV_1353 138 kV l/o Duck Creek-Tazewell 345 kV,Duck Creek-Tazewell (33161331) 345 Line,HENNEPIN-LTV_1353 138 KV,DUCK CREEK-TAZEWELL 345 KV,2015-09-29 11:00:00-04:00,2015-09-29 12:00:00-04:00
11835,Lanesville-Interstate 138 l/o Kincaid-Latham-BlueMnd 345+ Kincaid-Pawnee 345 SPS,Kincaid-Latham-BluMound 345kV + Kincaid-Pawnee SPS,LANESVILLE-INTERSTATE 138,KINCAID-LATHAM-BLUEMND 345+ KINCAID-PAWNEE 345 SPS,2015-09-28 11:00:00-04:00,2015-09-28 22:00:00-04:00
11878,Dixon-McGirr Rd 138 kV l/o Nelson-Electric Jct 345 kV,L345.Nelson-Electric Junction.15502,DIXON-MCGIRR RD 138 KV,NELSON-ELECTRIC JCT 345 KV,2014-09-05 05:00:00-04:00,2015-09-21 05:00:00-04:00
11930,Benton Harbor-Palisades 345 kV l/o Twin Branch-Argenta,L345.Argenta-Twin Branch,BENTON HARBOR-PALISADES 345 KV,TWIN BRANCH-ARGENTA,2014-03-20 00:00:00-04:00,2015-09-15 15:00:00-04:00
11935,Oak Grove-Galesburg 161kV l/o Nelson-Electric Junction 345kV,L345.Nelson-Electric Junction.15502,OAK GROVE-GALESBURG 161 KV,NELSON-ELECTRIC JUNCTION 345 KV,2015-07-19 00:00:00-04:00,2015-09-14 23:00:00-04:00
11963,08NW_Tap-Purdue 138 l/o Westwood-08NW_Tap-WLafyett 138,Westwood-08NW_Tap-WLafyett 138,08NW_TAP-PURDUE 138,WESTWOOD-08NW_TAP-WLAFYETT 138,2015-09-09 13:00:00-04:00,2015-09-09 13:00:00-04:00
11995,Pana 345/138-kV TX l/o Kincaid-Lanesville 345 kV,Kincaid-Lanesville 345kV (2101 line),PANA 345/138-KV TX,KINCAID-LANESVILLE 345 KV,2012-11-09 18:00:00-05:00,2015-09-01 19:00:00-04:00
12032,Sheffield-Calumet 138 kV l/o Sheffield-Marktown 138 kV,Sheffield-Marktown 138,SHEFFIELD-CALUMET 138 KV,SHEFFIELD-MARKTOWN 138 KV,2015-08-24 16:00:00-04:00,2015-08-24 16:00:00-04:00
12036,Michigan City - Laporte 138 kV l/o Dumont -Wilton Center 765 kV,Dumont-Wilton Center 765kV,MICHIGAN CITY - LAPORTE 138 KV,DUMONT -WILTON CENTER 765 KV,2013-08-15 00:00:00-04:00,2015-08-20 23:00:00-04:00
12053,BUTL APS 138KV BUT-KAR l/o L345.Armstrong-Homercity,L345.Armstrong-HomerCity,BUTL APS 138 KV BUT-KAR,L345.ARMSTRONG-HOMERCITY,2015-08-16 13:00:00-04:00,2015-08-18 21:00:00-04:00
12064,Dresden-Elwood 1222 345 kV l/o Dresden-Electric Jct 1223 345 kV,L345.12Dres-111ElctJct.1223+Dres.TR83,DRESDEN-ELWOOD 1222 345 KV,DRESDEN-ELECTRIC JCT 1223 345 KV,2015-06-03 13:00:00-04:00,2015-08-14 20:00:00-04:00
12135,Rising 345/138 kV l/o Loretto Wind Farm-Wilton Center 345 kV,Loretto-Wilton Center 345 kV,RISING 345/138 KV,LORETTO WIND FARM-WILTON CENTER 345 KV,2012-11-28 21:00:00-05:00,2015-07-19 16:00:00-04:00
12136,Oakgrove-Galesburg 161kv  l/o Nelson-Electric Junction,L345.Nelson-Electric Junction.15502,OAKGROVE-GALESBURG 161 KV,NELSON-ELECTRIC JUNCTION,2013-05-24 00:00:00-04:00,2015-07-18 23:00:00-04:00
12137,Pleasant Prairie-ZionEc 345 l/o Pleasant Prairie-Zion + Arcadian-Zion,Pleasant Prarie-Zion 345 kV & Zion-Arcadian 345kV,PLEASANT PRAIRIE-ZIONEC 345,PLEASANT PRAIRIE-ZION + ARCADIAN-ZION,2015-07-18 16:00:00-04:00,2015-07-18 18:00:00-04:00
12138,DTAP1384-Mclean 138 l/o Loretto-Wilton Center 345,Loretto-Wilton Center 345 kV,DTAP1384-MCLEAN 138,LORETTO-WILTON CENTER 345,2015-07-15 14:00:00-04:00,2015-07-17 22:00:00-04:00
12147,East Frankfort-Crete 345 kV l/o Dumont-Wilton Center 765 kV,L765.Dumont-Wilton Center.11215,EAST FRANKFORT-CRETE 345 KV,DUMONT-WILTON CENTER 765 KV,2015-07-08 00:00:00-04:00,2015-07-16 05:00:00-04:00
12152,Rising 45TR1 L/O lORETTO-WILTNCNTR,Loretto-Wilton Center 345 kV,RISING 45TR1,LORETTO-WILTNCNTR,2012-04-26 07:00:00-04:00,2015-07-09 22:00:00-04:00
12160,Breed-Wheatland 345 l/o Jefferson-Rockport 765 kV,Jefferson-Rockport (JEF-ROC1) 765 Line,BREED-WHEATLAND 345,JEFFERSON-ROCKPORT 765 KV,2012-10-12 22:00:00-04:00,2015-07-09 07:00:00-04:00
12172,Stillwell 345 kv xfmr l/o Stillwell- Dumont 345 kv,Dumont-Stillwell 345 kV,STILLWELL 345 KV XFMR,STILLWELL- DUMONT 345 KV,2011-11-30 00:00:00-05:00,2015-07-01 23:00:00-04:00
12200,Stillwell 345/138 l/o Stillwell-Dumont 345,Dumont-Stillwell 345 kV,STILLWELL 345/138,STILLWELL-DUMONT 345,2013-01-25 11:00:00-05:00,2015-06-23 07:00:00-04:00
12231,Oakgrove-Galesburg 161 kV l/o Sterling Steel-Nelson 345 kV,Sterling Steel-Nelson 345 kV,OAKGROVE-GALESBURG 161 KV,STERLING STEEL-NELSON 345 KV,2013-03-12 11:00:00-04:00,2015-06-16 11:00:00-04:00
12277,Cherry Valley-Silver Lake 345 l/o Nelson-Electric Jct 345,L345.Nelson-Electric Junction.15502,CHERRY VALLEY-SILVER LAKE 345,NELSON-ELECTRIC JCT 345,2015-02-03 08:00:00-05:00,2015-06-09 22:00:00-04:00
12296,Person4 -Half296 296B l/o  Jackson Cloverdale,L765.Jacksons Ferry -Cloverdale + 138 kV L CB,PERSON4 -HALF296 296B,JACKSON CLOVERDALE,2015-03-02 00:00:00-05:00,2015-06-07 21:00:00-04:00
12317,Rising 345/138-kV TX1 l/o Clinton-Brokaw 345 kV,L345.Brokaw-Clinton,RISING 345/138-KV TX1,CLINTON-BROKAW 345 KV,2015-02-18 00:00:00-05:00,2015-06-03 09:00:00-04:00
12319,Breed-Wheatland 345 l/o Jefferson-Rockport 765 kV,L765.Jefferson-Rockport,BREED-WHEATLAND 345,JEFFERSON-ROCKPORT 765 KV,2012-10-10 03:00:00-04:00,2015-06-02 23:00:00-04:00
12341,NW_Tap-Purdue 138 l/o Westwood-tippecan 138,Westwood-Tippecanoe Labs 138 kV,NW_TAP-PURDUE 138,WESTWOOD-TIPPECAN 138,2015-05-30 19:00:00-04:00,2015-05-30 20:00:00-04:00
12351,Beaver Channel-Albany l/o  Nelson -H471 ESS 345,155 Nelson-H471 (15504) 345 kV,BEAVER CHANNEL-ALBANY,NELSON -H471 ESS 345,2013-05-22 00:00:00-04:00,2015-05-29 20:00:00-04:00
12353,Rising 345/138 l/o Brokaw-Pontiac 345,Brokaw-Pontiac 345,RISING 345/138,BROKAW-PONTIAC 345,2012-12-13 10:00:00-05:00,2015-05-29 19:00:00-04:00
12359,Marysville-Tangy 345 l/o Malizewski-Marysville 765,L765.Maliszewski-Marysville,MARYSVILLE-TANGY 345,MALIZEWSKI-MARYSVILLE 765,2015-05-16 00:00:00-04:00,2015-05-29 15:00:00-04:00
12377,Bush-Lafayette 138 kV l/o Westwood-Tippecan 138 kV,Westwood-Concord-Southeast 138 kV,BUSH-LAFAYETTE 138 KV,WESTWOOD-TIPPECAN 138 KV,2015-05-21 10:00:00-04:00,2015-05-27 23:00:00-04:00
12384,Wheatland-Petersburg 345 l/o Rockport-Jefferson 765,Jefferson-Rockport (JEF-ROC1) 765 Line,WHEATLAND-PETERSBURG 345,ROCKPORT-JEFFERSON 765,2013-07-10 03:00:00-04:00,2015-05-27 10:00:00-04:00
12396,Powerton Jct-Lilly 138kv l/o Duck Creek-Tazewell 345kv,L345.Duck Creek-Tazewell,POWERTON JCT-LILLY 138 KV,DUCK CREEK-TAZEWELL 345 KV,2013-09-11 00:00:00-04:00,2015-05-22 23:00:00-04:00
12398,Bushcin-08Lafyte 138 l/o Cayuga3-Eugene 345,Caysub-Eugene 345kV,BUSHCIN-08LAFYTE 138,CAYUGA3-EUGENE 345,2013-02-26 04:00:00-05:00,2015-05-22 21:00:00-04:00
12420,Bush-Lafayette 138 kV l/o Westwood-Concord SE 138 kV,Westwood-Concord-Southeast 138 kV,BUSH-LAFAYETTE 138 KV,WESTWOOD-CONCORD SE 138 KV,2014-06-17 11:00:00-04:00,2015-05-18 23:00:00-04:00
12493,Reynold-Monticello 138 l/o Eugene-Cayuga3 345,L345.Cayuga-Eugene,REYNOLD-MONTICELLO 138,EUGENE-CAYUGA3 345,2015-03-10 00:00:00-04:00,2015-05-09 08:00:00-04:00
12498,Michigan City - Laporte 138 kV l/o Babcock-Stillwell 345 kV and XF 1,L345.Babcock-Stillwell+345/138.Stillwell.1,MICHIGAN CITY - LAPORTE 138 KV,BABCOCK-STILLWELL 345 KV AND XF 1,2014-10-22 00:00:00-04:00,2015-05-08 15:00:00-04:00
12499,Burnham-Munster 345 kV l/o Braidwood-E. Frankfort 345 kV,345L2001 Braidwood-E Frankfort 345 kV Line,BURNHAM-MUNSTER 345 KV,BRAIDWOOD-E. FRANKFORT 345 KV,2015-04-27 07:00:00-04:00,2015-05-08 15:00:00-04:00
12504,Reynold-Monticello 138 l/o Eugene-Cayuga3 345,Caysub-Eugene 345kV,REYNOLD-MONTICELLO 138,EUGENE-CAYUGA3 345,2013-03-09 19:00:00-05:00,2015-05-08 10:00:00-04:00
12519,Klondcin-Purdue 138 l/o Eugene-Cayuga 345,Caysub-Eugene 345kV,KLONDCIN-PURDUE 138,EUGENE-CAYUGA 345,2015-01-25 14:00:00-05:00,2015-05-05 20:00:00-04:00
12560,Munster 345/138 kV xfmr l/o Dumont-Wilton Center,Dumont-Wilton Center 765kV,MUNSTER 345/138 KV XFMR,DUMONT-WILTON CENTER,2015-04-20 07:00:00-04:00,2015-04-24 18:00:00-04:00
12561,Munster 345/138 kV l/o Dumont-Wilton Center 765 kV,L765.Dumont-Wilton Center.11215,MUNSTER 345/138 KV,DUMONT-WILTON CENTER 765 KV,2015-04-21 00:00:00-04:00,2015-04-24 15:00:00-04:00
12566,Tippecanoe-Lafaysouth 138 l/o Eugene-Cayuga3 345,L345.Cayuga-Eugene,TIPPECANOE-LAFAYSOUTH 138,EUGENE-CAYUGA3 345,2015-04-03 00:00:00-04:00,2015-04-23 03:00:00-04:00
12576,Tippecanoe-LafayetteSouth 138kV l/o Eugene-Cayuga3 345kV,Caysub-Eugene 345kV,TIPPECANOE-LAFAYETTESOUTH 138 KV,EUGENE-CAYUGA3 345 KV,2015-04-01 21:00:00-04:00,2015-04-20 09:00:00-04:00
12577,Munster 345/138 kV xfmr l/o Dumont-WiltonCenter+Munster-LkGeorge+Munster-Taney,Dumont-WiltonCenter+Munster-LkGeorge+Munster-Taney,MUNSTER 345/138 KV XFMR,DUMONT-WILTONCENTER+MUNSTER-LKGEORGE+MUNSTER-TANEY,2015-04-20 06:00:00-04:00,2015-04-20 07:00:00-04:00
12607,Garden Plain-15518 138 kV l/o Nelson TR84 345/138 Kv,345/138.Nelson.TR84,GARDEN PLAIN-15518 138 KV,NELSON TR84 345/138 KV,2015-04-08 00:00:00-04:00,2015-04-09 19:00:00-04:00
12620,Casey-Breed 345 l/o Wilton Center-Dumont 765,L765.Dumont-Wilton Center.11215,CASEY-BREED 345,WILTON CENTER-DUMONT 765,2014-11-04 00:00:00-05:00,2015-04-07 23:00:00-04:00
12691,St John 345/138 l/o St John-Green Acres 345,L345.Green Acres-St Johns (NIPS),ST JOHN 345/138,ST JOHN-GREEN ACRES 345,2015-03-22 00:00:00-04:00,2015-03-23 04:00:00-04:00
12698,St John 345/138 l/o St John-Green Acres 345,Green Acres-St John 345 kV,ST JOHN 345/138,ST JOHN-GREEN ACRES 345,2015-03-20 23:00:00-04:00,2015-03-21 06:00:00-04:00
12722,Oak Grove-Galesburg 161 kV l/o Cordova-Nelson 345 kV,Cordova-Nelson (15503) 345 Line,OAK GROVE-GALESBURG 161 KV,CORDOVA-NELSON 345 KV,2012-12-20 15:00:00-05:00,2015-03-18 20:00:00-04:00
12727,Oakgrove-Galesburg  l/o Sterling Steel - Nelson,Sterling Steel-Nelson 345 kV,OAKGROVE-GALESBURG,STERLING STEEL - NELSON,2013-08-06 00:00:00-04:00,2015-03-17 23:00:00-04:00
12798,Ipava 345/138 l/o Tazewell-Kendall 345,Tazewell-Kendall 345,IPAVA 345/138,TAZEWELL-KENDALL 345,2015-03-07 06:00:00-05:00,2015-03-07 08:00:00-05:00
12930,Reynolds 345/138kV XFMR l/o Dequine-Westwood 2 345kV,Dequine-Westwood-2 345kV,REYNOLDS 345/138 KV XFMR,DEQUINE-WESTWOOD 2 345 KV,2015-02-12 07:00:00-05:00,2015-02-12 11:00:00-05:00
12949,MichCity-Maple l/o MichCity-Laport MichCity-TrailCrk Dumont-WiltCenter,MichCity-Laport MichCity-TrailCrk Dumont-WiltCente,MICHCITY-MAPLE,MICHCITY-LAPORT MICHCITY-TRAILCRK DUMONT-WILTCENTER,2015-02-06 07:00:00-05:00,2015-02-06 07:00:00-05:00
12952,Byron-Cherry Valley 0621 345 kV l/o 0624 Byron-Wempletown 345 kV,L345.Byron-Wempletown.0624,BYRON-CHERRY VALLEY 0621 345 KV,0624 BYRON-WEMPLETOWN 345 KV,2015-02-05 18:00:00-05:00,2015-02-05 19:00:00-05:00
12974,Klondcin-Purdue 138 l/o Eugene-Cayuga 345,L345.Cayuga-Eugene,KLONDCIN-PURDUE 138,EUGENE-CAYUGA 345,2015-01-30 00:00:00-05:00,2015-01-30 15:00:00-05:00
12982,Person4 -Half296 296B l/o  Carson Wake,L500.Carson-Wake.570,PERSON4 -HALF296 296B,CARSON WAKE,2013-07-26 00:00:00-04:00,2015-01-28 23:00:00-05:00
12989,Person-Halifax 230 kV l/o Wake-Carson 500 kV,Carson - Wake 500 kV,PERSON-HALIFAX 230 KV,WAKE-CARSON 500 KV,2015-01-26 12:00:00-05:00,2015-01-27 10:00:00-05:00
13004,Dune Acres-Michigan Cty 2 138 l/o Wilton Center-Dumont 765,Dumont-Wilton Center 765kV,DUNE ACRES-MICHIGAN CTY 2 138,WILTON CENTER-DUMONT 765,2015-01-20 08:00:00-05:00,2015-01-20 11:00:00-05:00
13005,Dune Acres-Michigan Cty 2 l/o WltnCtr-Dmnt+DnAcr-MchCty1+Bbck-DnAcr+BetaSt-DnAcr,WltnCtr-Dmnt+DnAcr-MchCty1+Bbck-DnAcr+BetaSt-DnAcr,DUNE ACRES-MICHIGAN CTY 2,WLTNCTR-DMNT+DNACR-MCHCTY1+BBCK-DNACR+BETAST-DNACR,2015-01-20 07:00:00-05:00,2015-01-20 07:00:00-05:00
13009,Pierce-Foster 345 l/o East Bend-Terminal 345,L345.East Bend-Terminal,PIERCE-FOSTER 345,EAST BEND-TERMINAL 345,2015-01-15 00:00:00-05:00,2015-01-17 10:00:00-05:00
13020,Klondcin-Purdue 138kV l/o Westwood-tippecan,Westwood-Tippecanoe Labs 138 kV,KLONDCIN-PURDUE 138 KV,WESTWOOD-TIPPECAN,2015-01-08 17:00:00-05:00,2015-01-15 21:00:00-05:00
13034,Klondcin-Purdue 138 l/o Westwood-Tippecan 138,L138.Westwood-Tippecanoe,KLONDCIN-PURDUE 138,WESTWOOD-TIPPECAN 138,2015-01-10 06:00:00-05:00,2015-01-12 22:00:00-05:00
13054,Bushcin-08Lafyte 138 l/o Cayuga2-Cayuga3 345,Cayuga2-Cayuga3 345 kV,BUSHCIN-08LAFYTE 138,CAYUGA2-CAYUGA3 345,2013-03-17 17:00:00-04:00,2015-01-01 01:00:00-05:00
13065,Bunsonvill-Eugene 345 l/o WiltonCenter-Dumont 765,Dumont-Wilton Center 765kV,BUNSONVILL-EUGENE 345,WILTONCENTER-DUMONT 765,2013-09-17 06:00:00-04:00,2014-12-23 15:00:00-05:00
13067,Bunsonville-Eugene 345 l/o Breed-Darwin 345,L345.Breed-Darwin,BUNSONVILLE-EUGENE 345,BREED-DARWIN 345,2013-03-14 00:00:00-04:00,2014-12-22 23:00:00-05:00
13070,Bunsonville-Eugene 345 l/o Breed-Darwin 345,Breed-Darwin 345,BUNSONVILLE-EUGENE 345,BREED-DARWIN 345,2013-02-16 02:00:00-05:00,2014-12-22 11:00:00-05:00
13079,Rantoul Jct-Paxton East 138 l/o W Casey-Breed 345,Breed-Casey (BRE-WCA1) 345 Line,RANTOUL JCT-PAXTON EAST 138,W CASEY-BREED 345,2014-10-15 08:00:00-04:00,2014-12-18 20:00:00-05:00
13132,Benton Harbor-Palisades 345 kV l/o Cook-Palisades 345 kV,Cook-Palisades (DCC-PAL) 345 line,BENTON HARBOR-PALISADES 345 KV,COOK-PALISADES 345 KV,2011-02-23 00:00:00-05:00,2014-12-08 23:00:00-05:00
13169,Pana 345/138-kV TX l/o Kincaid-Pawnee 345 kV,Kincaid-Pawnee 345kV (2106 line),PANA 345/138-KV TX,KINCAID-PAWNEE 345 KV,2013-03-06 19:00:00-05:00,2014-12-01 10:00:00-05:00
13183,Lanesville 345/138-kv TX l/o Kincaid-Lathm-Blue Mnd+Kincd-Pawnee,345L2102 (multiphase) SPOG 1-3-A,LANESVILLE 345/138-KV TX,KINCAID-LATHM-BLUE MND+KINCD-PAWNEE,2014-10-14 06:00:00-04:00,2014-11-25 18:00:00-05:00
13189,Lanesville 345/138-kV TX l/o Kincaid 2102 + 2105 + UN2 + 2106,Kincaid 2102+2105+UN2+2106,LANESVILLE 345/138-KV TX,KINCAID 2102 + 2105 + UN2 + 2106,2014-11-23 18:00:00-05:00,2014-11-23 18:00:00-05:00
13207,WCasey-Breed 345kV l/o Loretto-WiltonCenter 345kV,L345.Loretto-WiltonCenter.11212,WCASEY-BREED 345 KV,LORETTO-WILTONCENTER 345 KV,2014-11-17 03:00:00-05:00,2014-11-20 13:00:00-05:00
13209,Michigan City-Trail Creek 138 kV l/o Olive 345/138 kV,Olive 345/138 transformer,MICHIGAN CITY-TRAIL CREEK 138 KV,OLIVE 345/138 KV,2014-02-12 01:00:00-05:00,2014-11-20 07:00:00-05:00
13235,Lanesville 345/138-kV TX l/o Kincd-Lathm-Blue Mnd+Kincd-Pawnee+Latham,Kincaid-Latham-Blue Mound+Kincaid-Pawnee+Lthm TR1,LANESVILLE 345/138-KV TX,KINCD-LATHM-BLUE MND+KINCD-PAWNEE+LATHAM,2012-10-31 07:00:00-04:00,2014-11-14 19:00:00-05:00
13289,Reynold-Monticello 138 l/o Cayuga2-Cayuga3 345,Cayuga2-Cayuga3 345 kV,REYNOLD-MONTICELLO 138,CAYUGA2-CAYUGA3 345,2014-11-03 08:00:00-05:00,2014-11-04 07:00:00-05:00
13315,Kewanee-Edwards 138kv l/o Nelson-electric Jct,L345.Nelson-Electric Junction.15502,KEWANEE-EDWARDS 138 KV,NELSON-ELECTRIC JCT,2013-05-02 00:00:00-04:00,2014-10-27 23:00:00-04:00
13364,0621 Byron-Cherry Valley 345 kV l/o 0624 Byron-Wempletown 345 kV,345L0624 6_Byron-171_Wempletown 345 kV(SPOG 1-3-F),0621 BYRON-CHERRY VALLEY 345 KV,0624 BYRON-WEMPLETOWN 345 KV,2014-10-15 00:00:00-04:00,2014-10-16 16:00:00-04:00
13398,Pana 345/138-kV TX l/o Kincaid-Latham-Blue Mnd+Kincaid-Pawnee+Lthm TR1,Kincaid-Latham-Blue Mound+Kincaid-Pawnee+Lthm TR1,PANA 345/138-KV TX,KINCAID-LATHAM-BLUE MND+KINCAID-PAWNEE+LTHM TR1,2012-11-07 12:00:00-05:00,2014-10-07 09:00:00-04:00
13439,Pana 345/138 l/o Kincaid-Pawnee 345+Kincaid-Lanesville 345,Kincaid-Pawnee 345+Kincaid-Lanesville 345,PANA 345/138,KINCAID-PAWNEE 345+KINCAID-LANESVILLE 345,2013-02-04 09:00:00-05:00,2014-09-25 19:00:00-04:00
13441,Lanesville 345/138 kV l/o Kincaid-Latham-Blue Mnd+Latham TR1,Kincaid-Latham-Blue Mound 345+Latham 345/138 xfmr,LANESVILLE 345/138 KV,KINCAID-LATHAM-BLUE MND+LATHAM TR1,2014-09-23 20:00:00-04:00,2014-09-25 13:00:00-04:00
13467,Roxana-Praxair 138 kV l/o Roxana-Mitchell Yard 138 kV,Roxana-Mitchell Yard 138 kV,ROXANA-PRAXAIR 138 KV,ROXANA-MITCHELL YARD 138 KV,2013-06-15 04:00:00-04:00,2014-09-14 06:00:00-04:00
13510,Roxana-Praxair 1 138 kV l/o Roxana-Mitchell Yard 138 KV,Roxana-Mitchell Yard 138 kV,ROXANA-PRAXAIR 1 138 KV,ROXANA-MITCHELL YARD 138 KV,2014-08-29 03:00:00-04:00,2014-09-07 06:00:00-04:00
13531,Kenosha-Lakeview 138 l/o Pleasant Prairie-Zion EC 345,L345.Zion-Pleasant Prairie.PLPL41,KENOSHA-LAKEVIEW 138,PLEASANT PRAIRIE-ZION EC 345,2014-09-04 00:00:00-04:00,2014-09-05 20:00:00-04:00
13539,Kenosha-Lakeview 138 l/o Pleasant Prairie-Zion EC 345,Pleasant Prairie-Zion EC 345,KENOSHA-LAKEVIEW 138,PLEASANT PRAIRIE-ZION EC 345,2014-09-03 06:00:00-04:00,2014-09-05 14:00:00-04:00
13794,Monticello-East Wiamac 138kv  l/o Rockport-Jefferson 765 kv,Jefferson-Rockport (JEF-ROC1) 765 Line,MONTICELLO-EAST WIAMAC 138 KV,ROCKPORT-JEFFERSON 765 KV,2012-02-16 00:00:00-05:00,2014-07-08 23:00:00-04:00
13801,Monticello-East Winamac 138 kV l/o Rockport-Jefferson 765 kV,Jefferson-Rockport (JEF-ROC1) 765 Line,MONTICELLO-EAST WINAMAC 138 KV,ROCKPORT-JEFFERSON 765 KV,2012-10-10 11:00:00-04:00,2014-07-07 23:00:00-04:00
13832,Magnetation-Monticello 138 l/o Cayuga-Veedersburg 230,Veedersburg - Cayuga 230 kV,MAGNETATION-MONTICELLO 138,CAYUGA-VEEDERSBURG 230,2014-06-25 18:00:00-04:00,2014-07-01 18:00:00-04:00
13849,Paris-Albers 138 kV l/o Pleasant Prairie-Racine 345 kV,PleasPrairie-Racine345,PARIS-ALBERS 138 KV,PLEASANT PRAIRIE-RACINE 345 KV,2014-06-26 16:00:00-04:00,2014-06-26 17:00:00-04:00
13854,Tazewell 345/138 kV T1 l/o Tazewell 345/138 kV T2,Tazewell 345/138 kV T2,TAZEWELL 345/138 KV T1,TAZEWELL 345/138 KV T2,2014-06-25 15:00:00-04:00,2014-06-25 19:00:00-04:00
13859,Renshaw-Livingston 161 l/o Shawnee 500/345,Shawnee 500/345,RENSHAW-LIVINGSTON 161,SHAWNEE 500/345,2013-11-28 07:00:00-05:00,2014-06-25 06:00:00-04:00
13866,Cook-Palisades 345 kV l/o Benton Harbor-Palisades 345 kV,Benton Harbor-Palisades (BEN-PAL1) 345 line,COOK-PALISADES 345 KV,BENTON HARBOR-PALISADES 345 KV,2010-10-06 00:00:00-04:00,2014-06-24 08:00:00-04:00
13887,Magnetation-Monticello 138 l/o Cayuga-Eugene 345,Caysub-Eugene 345kV,MAGNETATION-MONTICELLO 138,CAYUGA-EUGENE 345,2014-06-18 15:00:00-04:00,2014-06-18 16:00:00-04:00
13942,Monticello-E Winamac 138 l/o Olive-Dumont 345,L345.Dumont-Olive,MONTICELLO-E WINAMAC 138,OLIVE-DUMONT 345,2014-05-24 00:00:00-04:00,2014-06-10 21:00:00-04:00
13958,Magnetation-Monticello 138 l/o Olive-Dumont 345,L345.Dumont-Olive,MAGNETATION-MONTICELLO 138,OLIVE-DUMONT 345,2014-06-04 00:00:00-04:00,2014-06-09 15:00:00-04:00
13959,Monticello-E Winamac 138 l/o Olive-Dumont 345,Olive-Dumont 345,MONTICELLO-E WINAMAC 138,OLIVE-DUMONT 345,2014-05-23 09:00:00-04:00,2014-06-09 15:00:00-04:00
13979,Magnetation-Monticello 138 l/o Olive-Dumont 345,Olive-Dumont 345,MAGNETATION-MONTICELLO 138,OLIVE-DUMONT 345,2014-05-26 18:00:00-04:00,2014-06-04 14:00:00-04:00
13988,Rantoul-Rantoul Jct 138 kV l/o N Champaign-Mahomet-Rising 138,N.Champaign-Mohomet-Rising 138kV 3-Way Tap,RANTOUL-RANTOUL JCT 138 KV,N CHAMPAIGN-MAHOMET-RISING 138,2012-10-01 18:00:00-04:00,2014-06-02 15:00:00-04:00
14081,Pawnee 345/138 kv TX  l/o  Kincaid Lattham,345L2102 Kincaid-Blue Mound-Latham 345kV SPOG1-3-A,PAWNEE 345/138 KV TX,KINCAID LATTHAM,2014-05-20 10:00:00-04:00,2014-05-21 23:00:00-04:00
14170,Corrye-Warren WD 1085 l/o L230.Glade-Warren.2088,L230.Glade-Warren.2088 (No Elm Street Swap),CORRYE-WARREN WD 1085,L230.GLADE-WARREN.2088,2014-05-03 00:00:00-04:00,2014-05-09 23:00:00-04:00
14176,TILTONS2 138kV TIL-WIN l/o 502-KAM & .200,L500.Kammer-502Jct+765/500.Kammer.200 (IROL),TILTONS2 138 KV TIL-WIN,502-KAM & .200,2013-12-30 06:00:00-05:00,2014-05-09 16:00:00-04:00
14209,55 Hegew-17714 l/o Dumont - Wilton Center,Dumont-Wilton Center 765kV,55 HEGEW-17714,DUMONT - WILTON CENTER,2013-10-19 00:00:00-04:00,2014-05-03 06:00:00-04:00
14230,1352-Lilly 138 kV l/o Clinton Unit 1,CLINTON4 #1 UNIT (AMRN),1352-LILLY 138 KV,CLINTON UNIT 1,2010-06-22 00:00:00-04:00,2014-04-27 23:00:00-04:00
14235,Kewanee-Edwards 138kv l/o Duck Creek-Tazewell 345kv,L345.Duck Creek-Tazewell,KEWANEE-EDWARDS 138 KV,DUCK CREEK-TAZEWELL 345 KV,2013-09-27 00:00:00-04:00,2014-04-26 06:00:00-04:00
14267,Elmont #1 XFMR l/o Elmont #2 xfmr (failed sect),Elmont #2 500/230kV XF (failed sectionalizing),ELMONT #1 XFMR,ELMONT #2 XFMR (FAILED SECT),2013-11-04 06:00:00-05:00,2014-04-22 04:00:00-04:00
14281,155 Nelson 345/138 82 l/o 155 Nelson 345/138 81,Nelson TR81 345/138kV Transformer,155 NELSON 345/138 82,155 NELSON 345/138 81,2014-03-31 09:00:00-04:00,2014-04-19 22:00:00-04:00
14293,981 Crescent Ridge-7713 138kV l/o Nelson-Electric Junction 15502 345kV,L345.Nelson-Electric Junction.15502,981 CRESCENT RIDGE-7713 138 KV,NELSON-ELECTRIC JUNCTION 15502 345 KV,2014-02-21 07:00:00-05:00,2014-04-17 18:00:00-04:00
14298,Munster 345/138 l/o Wilton Center-Dumont 765+Lake George-Munster 345,Wilton Center-Dumont 765+Munster-Lake George 345,MUNSTER 345/138,WILTON CENTER-DUMONT 765+LAKE GEORGE-MUNSTER 345,2014-04-16 07:00:00-04:00,2014-04-17 07:00:00-04:00
14299,Powerton Jct-Lilly 138 l/o Havana-Ipava 138,Havana-Ipava 138,POWERTON JCT-LILLY 138,HAVANA-IPAVA 138,2013-10-18 00:00:00-04:00,2014-04-17 05:00:00-04:00
14306,Munster 345/138 l/o Wilton Center-Dumont 765,Dumont-Wilton Center 765kV,MUNSTER 345/138,WILTON CENTER-DUMONT 765,2014-04-16 07:00:00-04:00,2014-04-16 21:00:00-04:00
14325,Paddock-Townline 138 l/o Paddock-Blackhawk 138 kV,Paddock-Blackhawk 138,PADDOCK-TOWNLINE 138,PADDOCK-BLACKHAWK 138 KV,2013-06-26 08:00:00-04:00,2014-04-14 10:00:00-04:00
14337,Beaver Channel-Albany 161 kV l/o Cordova-Nelson 345 kV,Cordova-Nelson (15503) 345 Line,BEAVER CHANNEL-ALBANY 161 KV,CORDOVA-NELSON 345 KV,2012-10-01 07:00:00-04:00,2014-04-10 18:00:00-04:00
14359,Rising 345/138 kV TR1 l/o Dresden-Pontiac 345 kV,Dresden-Pontiac 345 kV,RISING 345/138 KV TR1,DRESDEN-PONTIAC 345 KV,2014-04-08 18:00:00-04:00,2014-04-08 18:00:00-04:00
14385,Whitestown-Guion 345 l/o Whitestown-Hortonville 345,Hortonvi-Whitesto 345 line,WHITESTOWN-GUION 345,WHITESTOWN-HORTONVILLE 345,2013-05-30 13:00:00-04:00,2014-04-03 10:00:00-04:00
14391,Todd Hunter 345/138 17 l/o Todd Hunter 345/138 15,TODHUNTER  BK 15 TRANSFORMER,TODD HUNTER 345/138 17,TODD HUNTER 345/138 15,2014-02-13 00:00:00-05:00,2014-04-02 20:00:00-04:00
14432,Pana 345/138 l/o Kincaid Unit 2+Kincaid-Lanesville 345,345L2101 & Kinc #2 SPOG 1-3-A,PANA 345/138,KINCAID UNIT 2+KINCAID-LANESVILLE 345,2014-03-21 00:00:00-04:00,2014-03-24 23:00:00-04:00
14444,Pana 345/138 kV xfmr l/o Kincaid Unit 2 + Kincaid-Lanesville 345 kV,Kincaid Unit 2 + Kincaid-Lanesville 345 kV,PANA 345/138 KV XFMR,KINCAID UNIT 2 + KINCAID-LANESVILLE 345 KV,2013-01-15 21:00:00-05:00,2014-03-23 22:00:00-04:00
14468,Benton Harbor-Palisades 345 kV l/o Twin Branch-Argenta 345 kV,Twin Branch-Argenta (ANG-DUM) 345 line,BENTON HARBOR-PALISADES 345 KV,TWIN BRANCH-ARGENTA 345 KV,2013-09-20 19:00:00-04:00,2014-03-19 04:00:00-04:00
14495,Cook-Palisades 345 kV l/o Cook-Benton Harbor345 kV,Cook-Benton 345 kV line,COOK-PALISADES 345 KV,COOK-BENTON HARBOR345 KV,2014-03-08 00:00:00-05:00,2014-03-12 23:00:00-04:00
14507,Cook-Palisades 345 l/o Cook-Benton Harbor 345 kV,Cook-Benton 345 kV line,COOK-PALISADES 345,COOK-BENTON HARBOR 345 KV,2014-03-06 10:00:00-05:00,2014-03-09 18:00:00-04:00
14551,Cook-Palisades 345 kV l/o Twin Branch-Argenta 345 kV,Twin Branch-Argenta (ANG-DUM) 345 line,COOK-PALISADES 345 KV,TWIN BRANCH-ARGENTA 345 KV,2014-01-31 21:00:00-05:00,2014-02-26 23:00:00-05:00
14587,7713 138kv 7713 2 l/o Hennepin-Ottawa,Hennepin - Ottawa (IP) 138 kV line,7713 138 KV 7713 2,HENNEPIN-OTTAWA,2013-12-09 07:00:00-05:00,2014-02-20 23:00:00-05:00
14611,Corrye-Warren WD 1085 l/o 230/115.Warren.T4+L230.Warren-Glade,230/115.Warren.T4 + L230.Warren-Glade,CORRYE-WARREN WD 1085,230/115.WARREN.T4+L230.WARREN-GLADE,2014-02-13 01:00:00-05:00,2014-02-14 15:00:00-05:00
14620,Lakeview-Zion 138 l/o Pleasant Prairie-Zion EC 345,Pleasant Prairie-Zion EC 345,LAKEVIEW-ZION 138,PLEASANT PRAIRIE-ZION EC 345,2014-02-11 04:00:00-05:00,2014-02-13 07:00:00-05:00
14629,Maple-Lngplntp 138 l/o Schahfer-Burr Oak 345,Schahfer-Burr Oak 345,MAPLE-LNGPLNTP 138,SCHAHFER-BURR OAK 345,2013-07-23 14:00:00-04:00,2014-02-11 22:00:00-05:00
14669,Beaver Channel-Albany 161 l/o Quad Cities-H471 ESS 345,Quad-H471 (0404) 345 Line,BEAVER CHANNEL-ALBANY 161,QUAD CITIES-H471 ESS 345,2013-03-29 23:00:00-04:00,2014-02-04 18:00:00-05:00
14691,Burr Oak-Plymouth 138 kV l/o Burr Oak-Leesburg 345 kV,Burr Oak-Leesburg 345 kV,BURR OAK-PLYMOUTH 138 KV,BURR OAK-LEESBURG 345 KV,2013-11-21 03:00:00-05:00,2014-01-30 00:00:00-05:00
14718,Beaver Channel-Albany 161 l/o Nelson-H471 ESS 345,155 Nelson-H471 (15504) 345 kV,BEAVER CHANNEL-ALBANY 161,NELSON-H471 ESS 345,2013-03-30 00:00:00-04:00,2014-01-21 18:00:00-05:00
14823,TILTONS2 138 kV  TIL-WIN l/o Kammer .T400,765/345.Kammer.T400,TILTONS2 138 KV TIL-WIN,KAMMER .T400,2013-12-18 06:00:00-05:00,2013-12-21 21:00:00-05:00
14825,Albers73-Paris 83 138 l/o Pleas Pr-Racine 345,PleasPrairie-Racine345,ALBERS73-PARIS 83 138,PLEAS PR-RACINE 345,2013-08-25 16:00:00-04:00,2013-12-21 11:00:00-05:00
14827,Renshaw_Livingston 161 l/o  Shawnee 500_345kv XFMR,SHAWNEE 500/345,RENSHAW_LIVINGSTON 161,SHAWNEE 500_345 KV XFMR,2013-12-01 00:00:00-05:00,2013-12-20 22:00:00-05:00
14844,Beaver Channel-Albany 161 l/o Rock Creek-Salem 345,L345.Salem-RockCreek(MEC),BEAVER CHANNEL-ALBANY 161,ROCK CREEK-SALEM 345,2013-12-14 07:00:00-05:00,2013-12-19 22:00:00-05:00
14857,Cumberland-Bush 138 kV l/o Westwood-Concord-Southeast 138 kV,Westwood-Concord-Southeast 138 kV,CUMBERLAND-BUSH 138 KV,WESTWOOD-CONCORD-SOUTHEAST 138 KV,2011-02-27 22:00:00-05:00,2013-12-18 17:00:00-05:00
14902,Burroak Plymouth 138 kv l/o  Burroak Leesburg,Burr Oak-Leesburg 345 kV,BURROAK PLYMOUTH 138 KV,BURROAK LEESBURG,2013-11-22 00:00:00-05:00,2013-12-10 23:00:00-05:00
14916,TILTONS2 138kV TIL-WIN l/o 502-KAM & .200,Kammer-502 Jct 500 kV & Kammer .200 765/500 kV,TILTONS2 138 KV TIL-WIN,502-KAM & .200,2013-10-16 09:00:00-04:00,2013-12-07 20:00:00-05:00
14976,Latham-Fogarty 138 l/o Loretto-Wilton Center 345,Loretto-Wilton Center 345 kV,LATHAM-FOGARTY 138,LORETTO-WILTON CENTER 345,2013-11-25 18:00:00-05:00,2013-11-25 19:00:00-05:00
15072,Elmont #1 XFMR l/o Elmont #2 xfmr (failed sect),Elmont #2 500/230kV XF (failed sect),ELMONT #1 XFMR,ELMONT #2 XFMR (FAILED SECT),2013-11-10 05:00:00-05:00,2013-11-12 19:00:00-05:00
15088,Kewanee-Edwards 138 kv l/o Edwards unit 3,Edwards Unit 3,KEWANEE-EDWARDS 138 KV,EDWARDS UNIT 3,2013-05-13 23:00:00-04:00,2013-11-06 14:00:00-05:00
15106,Hennepin-LTVSteel 1552 138 l/o Ottawa Tap 138 Sub,Ottawa Tap 138 Sub,HENNEPIN-LTVSTEEL 1552 138,OTTAWA TAP 138 SUB,2013-10-29 07:00:00-04:00,2013-10-31 00:00:00-04:00
15121,Mason City-Mt Pulaski 138 kV l/o Duck Creek-Tazewell 345 kV,Duck Creek-Tazewell (33161331) 345 Line,MASON CITY-MT PULASKI 138 KV,DUCK CREEK-TAZEWELL 345 KV,2013-09-29 02:00:00-04:00,2013-10-27 13:00:00-04:00
15147,Davnprt-E.Calamus 161 l/o Arnold-Tiffin 345,Tiffin-Arnold 345 kV,DAVNPRT-E.CALAMUS 161,ARNOLD-TIFFIN 345,2013-10-17 00:00:00-04:00,2013-10-18 18:00:00-04:00
15151,55 Hegew-17714 l/o 19714 GREENSHAW - IC AIR,19714 GREENSHAW - IC AIR,55 HEGEW-17714,19714 GREENSHAW - IC AIR,2013-10-11 00:00:00-04:00,2013-10-18 07:00:00-04:00
15158,Davenport-E Calamus 161 l/o Arnold-Tiffin 345,Tiffin-Arnold 345 kV,DAVENPORT-E CALAMUS 161,ARNOLD-TIFFIN 345,2013-10-16 09:00:00-04:00,2013-10-17 13:00:00-04:00
15168,Davenport-E Calamus 161 l/o Arnold-Tiffin 345+Quad Cities-Rock Crk 345,Arnold-Tiffin 345+Quad Cities-Rock Crk 345,DAVENPORT-E CALAMUS 161,ARNOLD-TIFFIN 345+QUAD CITIES-ROCK CRK 345,2013-10-16 08:00:00-04:00,2013-10-16 08:00:00-04:00
15191,Galesburg 161/138 xfmr 2 l/o Electric Jct-Nelson 345 kV,Nelson-Electric Junction 345kV (15502 line),GALESBURG 161/138 XFMR 2,ELECTRIC JCT-NELSON 345 KV,2013-10-07 03:00:00-04:00,2013-10-10 05:00:00-04:00
15194,Beaver Channel-Albany l/o Quad Cities - H471 ESS  345,L345.Quad Cities-H471.0404,BEAVER CHANNEL-ALBANY,QUAD CITIES - H471 ESS 345,2013-08-06 00:00:00-04:00,2013-10-08 22:00:00-04:00
15270,Bunsonville-Eugene 345 l/o Wilton Center-Loretto,L345.Loretto-WiltonCenter.11212,BUNSONVILLE-EUGENE 345,WILTON CENTER-LORETTO,2013-09-24 00:00:00-04:00,2013-10-01 23:00:00-04:00
15299,Pana 345 /138 xfmr l/o Kincaid unit 2,21 Kincaid.U2,PANA 345 /138 XFMR,KINCAID UNIT 2,2013-09-24 00:00:00-04:00,2013-09-26 23:00:00-04:00
15304,Bunsonville-Eugene 345 l/o Wilton Center-Loretto 345,Loretto-Wilton Center 345 kV,BUNSONVILLE-EUGENE 345,WILTON CENTER-LORETTO 345,2013-09-23 08:00:00-04:00,2013-09-26 10:00:00-04:00
15305,Corrye-Warren WD 1085 l/o L230.Glade-Warren.2088,L230.Glade-Warren.2088,CORRYE-WARREN WD 1085,L230.GLADE-WARREN.2088,2013-09-25 00:00:00-04:00,2013-09-25 23:00:00-04:00
15309,Pana 345/138 l/o Kincaid Unit 2,Kincaid Unit 2,PANA 345/138,KINCAID UNIT 2,2013-09-23 11:00:00-04:00,2013-09-25 15:00:00-04:00
15316,Loretto-Wilton Center 345 l/o Eugene-Bunsonville 345,L345.Bunsonville-Eugene,LORETTO-WILTON CENTER 345,EUGENE-BUNSONVILLE 345,2013-09-23 06:00:00-04:00,2013-09-23 23:00:00-04:00
15323,Bunsonville-Eugene 345 kV l/o Casey-Breed 345 kV,L345.Breed-West Casey,BUNSONVILLE-EUGENE 345 KV,CASEY-BREED 345 KV,2013-06-05 00:00:00-04:00,2013-09-23 00:00:00-04:00
15325,6 Byron-156 Cherry Valley 0621 l/o Nelson-Electric Junction,L345.Nelson-Electric Junction.15502,6 BYRON-156 CHERRY VALLEY 0621,NELSON-ELECTRIC JUNCTION,2013-09-19 00:00:00-04:00,2013-09-20 23:00:00-04:00
15333,Pana TR2 345/138 kV l/o Coffeen-Ramsey-Holland 345 kV,Coffeen-Ramsey-Holland 345 kV,PANA TR2 345/138 KV,COFFEEN-RAMSEY-HOLLAND 345 KV,2013-09-18 19:00:00-04:00,2013-09-20 12:00:00-04:00
15335,Michigan City - Laporte 138 kV l/o Babcock-Stillwell 345 kV & XF #1,L345.Babcock-Stillwell+345/138.Stillwell.1,MICHIGAN CITY - LAPORTE 138 KV,BABCOCK-STILLWELL 345 KV & XF #1,2013-04-27 00:00:00-04:00,2013-09-20 08:00:00-04:00
15343,6101-Hennepin 138 l/o Oglesby Tap 138 sub,Oglesby Tap 138 sub,6101-HENNEPIN 138,OGLESBY TAP 138 SUB,2013-04-19 03:00:00-04:00,2013-09-19 15:00:00-04:00
15348,Byron-Cherry Valley l/o Nelson-Electric Jct  &Byron Bus 7,Nelson-Electric Junction 345kV (15502 line),BYRON-CHERRY VALLEY,NELSON-ELECTRIC JCT &BYRON BUS 7,2013-09-18 00:00:00-04:00,2013-09-18 23:00:00-04:00
15371,W Lafayette-Cumberland 138 kV l/o Westwood-Tippecanoe Labs 138 kV,Westwood-Tippecanoe Labs 138 kV,W LAFAYETTE-CUMBERLAND 138 KV,WESTWOOD-TIPPECANOE LABS 138 KV,2013-06-21 13:00:00-04:00,2013-09-12 19:00:00-04:00
15373,Arcadian-Zion 345 l/o Pleasant Prairie-Zion 345+Zion-Lakeview 138 (SPS),Pleasant Prairie-Zion 345+Zion-Lakeview 138 (SPS),ARCADIAN-ZION 345,PLEASANT PRAIRIE-ZION 345+ZION-LAKEVIEW 138 (SPS),2013-03-04 06:00:00-05:00,2013-09-12 17:00:00-04:00
15446,3 Rocky - Battlebo 123A l/o L500.Carson-Wake.570,L500.Carson-Wake.570,3 ROCKY - BATTLEBO 123A,L500.CARSON-WAKE.570,2013-08-14 00:00:00-04:00,2013-09-04 23:00:00-04:00
15478,State Farm-S Bloom 1596 138 l/o Brokaw-State Farm 1562 138+Brokaw TR2,Brokaw-State Farm 1562 138+Brokaw TR2,STATE FARM-S BLOOM 1596 138,BROKAW-STATE FARM 1562 138+BROKAW TR2,2013-08-28 13:00:00-04:00,2013-08-28 20:00:00-04:00
15513,Roxana-Praxair 1 138 kV l/o Roxana-Mitchell Yark 138 KV,Roxana-Mitchell Yard 138 kV,ROXANA-PRAXAIR 1 138 KV,ROXANA-MITCHELL YARK 138 KV,2012-09-23 06:00:00-04:00,2013-08-15 23:00:00-04:00
15515,Roxana-Praxair  138kv l/o Dumont-Wilton Center 76kv + Powerton 5/Joliet 7,SPS Armed: DUM-WIL 11215 w/ PO-5 & JO-7 Trip,ROXANA-PRAXAIR 138 KV,DUMONT-WILTON CENTER 76 KV + POWERTON 5/JOLIET 7,2013-08-10 00:00:00-04:00,2013-08-14 23:00:00-04:00
15516,Maple-Lngplntp 138 l/o Schahfer-Burr Oak 345,L345.Burr Oak-Schaffer,MAPLE-LNGPLNTP 138,SCHAHFER-BURR OAK 345,2013-07-28 00:00:00-04:00,2013-08-14 23:00:00-04:00
15517,Michigan City -Laporte l/o wilton Center-Dumont 765+Powerton 5/Joliet 7(SPS),SPS Armed: DUM-WIL 11215 w/ PO-5 & JO-7 Trip,MICHIGAN CITY -LAPORTE,WILTON CENTER-DUMONT 765+POWERTON 5/JOLIET 7(SPS),2013-06-21 00:00:00-04:00,2013-08-14 20:00:00-04:00
15520,Miami Fort 345/138-kV TX9 l/o Dearborn-Tanners Creek 345 kV,L345.Tanners Creek-Dearborn1,MIAMI FORT 345/138-KV TX9,DEARBORN-TANNERS CREEK 345 KV,2013-05-31 00:00:00-04:00,2013-08-13 21:00:00-04:00
15527,Roxana-Praxair 138 kV l/o Wilton Center-Dumont 765+Powerton 5/Joliet 7 (SPS),Dumont-Wilton Center 765kV + Powerton 5 + Joliet 7,ROXANA-PRAXAIR 138 KV,WILTON CENTER-DUMONT 765+POWERTON 5/JOLIET 7 (SPS),2013-07-07 05:00:00-04:00,2013-08-13 07:00:00-04:00
15532,Pleasant Prairie-Zion 345 kV l/o Zion-Arcadian 345 kV,Zion-Arcadian (2222) 345 Line,PLEASANT PRAIRIE-ZION 345 KV,ZION-ARCADIAN 345 KV,2012-11-15 06:00:00-05:00,2013-08-11 15:00:00-04:00
15592,Michigan City - Laporte 138 kV l/o Dumont -Wilton Center 765 kV,L765.Dumont-Wilton Center.11215,MICHIGAN CITY - LAPORTE 138 KV,DUMONT -WILTON CENTER 765 KV,2013-06-25 00:00:00-04:00,2013-07-22 08:00:00-04:00
15655,Monticello-East Winamac 138 kV l/o Schahfer-Burr Oak 345 kV,L345.Burr Oak-Schaffer,MONTICELLO-EAST WINAMAC 138 KV,SCHAHFER-BURR OAK 345 KV,2013-05-22 00:00:00-04:00,2013-07-10 23:00:00-04:00
15722,Michigan City -Laporte l/o wilton Center-Dumont 765+Powerton 5/Joliet 7(SPS),Dumont-Wilton Center 765kV + Powerton 5 + Joliet 7,MICHIGAN CITY -LAPORTE,WILTON CENTER-DUMONT 765+POWERTON 5/JOLIET 7(SPS),2011-12-29 00:00:00-05:00,2013-06-20 23:00:00-04:00
15731,Pleasant Prairie-Zion 345 l/o Zion-Arcadian 345+Zion-Lakeview 138 (SPS),Zion-Arcadian 345+Zion-Lakeview 138 (SPS),PLEASANT PRAIRIE-ZION 345,ZION-ARCADIAN 345+ZION-LAKEVIEW 138 (SPS),2013-05-01 19:00:00-04:00,2013-06-17 21:00:00-04:00
15769,Dune Acres-Michigan City 2 138 kV l/o Dune Acres-Michigan City 1 138 k,Dune Acre-Michigan City #1,DUNE ACRES-MICHIGAN CITY 2 138 KV,DUNE ACRES-MICHIGAN CITY 1 138 K,2013-04-03 05:00:00-04:00,2013-06-05 18:00:00-04:00
15827,Whitestown-Guion 345 l/o Fall Creek 345/138-kV TX,Fall Creek (. 1) 345/138 tx,WHITESTOWN-GUION 345,FALL CREEK 345/138-KV TX,2013-05-30 13:00:00-04:00,2013-05-30 13:00:00-04:00
15892,Powerton(1352)-Lilly 138 kV l/o Kewanee-Toulon 138 kV,Kewanee-Toulon 138 kV,POWERTON(1352)-LILLY 138 KV,KEWANEE-TOULON 138 KV,2013-05-20 06:00:00-04:00,2013-05-20 19:00:00-04:00
15917,Edwards-Kewanee 138 l/o Kendall-Lockport 345,Kendall-Lockport 345 kV,EDWARDS-KEWANEE 138,KENDALL-LOCKPORT 345,2013-05-14 11:00:00-04:00,2013-05-15 15:00:00-04:00
15924,Kewanee-Edwards 138 l/o Powerton-Tazewell 345+Powerton BT,Powerton-Tazewell 345+Powerton BT,KEWANEE-EDWARDS 138,POWERTON-TAZEWELL 345+POWERTON BT,2013-04-13 06:00:00-04:00,2013-05-11 12:00:00-04:00
15939,Monroe-Wayne 345 l/o Monroe-Brownstown 1 345,Monroe-Brownstown 345 kV,MONROE-WAYNE 345,MONROE-BROWNSTOWN 1 345,2012-07-24 00:00:00-04:00,2013-05-07 16:00:00-04:00
15948,6101-Hennepin 138 l/o Oglesby Tap 138 sub,138L7713 Mazon-7713-Crescent R-Oglesby 138kV Line,6101-HENNEPIN 138,OGLESBY TAP 138 SUB,2013-04-23 00:00:00-04:00,2013-05-06 06:00:00-04:00
15958,6101-Hennepin 138 l/o Kewanee-Crescent Ridge 138,Kewanee (CE) - Cresent 138 kV,6101-HENNEPIN 138,KEWANEE-CRESCENT RIDGE 138,2013-04-18 11:00:00-04:00,2013-05-04 03:00:00-04:00
15970,Kewanee-Edwards 138kv l/o Nelson-electric Jct,Nelson-Electric Junction 345kV (15502 line),KEWANEE-EDWARDS 138 KV,NELSON-ELECTRIC JCT,2013-05-01 00:00:00-04:00,2013-05-01 06:00:00-04:00
15976,Crescent 7713 l/o Kewanee Streator 6101,Kewanee-Streator 6101 138,CRESCENT 7713,KEWANEE STREATOR 6101,2013-04-30 00:00:00-04:00,2013-04-30 05:00:00-04:00
16029,Prairie State-W Mt Vernon 345 kV l/o St Francis-Lutesville 345 kV,St. Francis-Lutesville 345kV,PRAIRIE STATE-W MT VERNON 345 KV,ST FRANCIS-LUTESVILLE 345 KV,2012-10-01 00:00:00-04:00,2013-04-15 08:00:00-04:00
16043,Beaver Channel-Sub 49 161 l/o Cordova-Sub 39 345+Sub 39 345/161,Cordova-Sub 39 345+Sub 39 345/161,BEAVER CHANNEL-SUB 49 161,CORDOVA-SUB 39 345+SUB 39 345/161,2013-04-12 07:00:00-04:00,2013-04-12 07:00:00-04:00
16108,Hendricks-West Mill 138 kV l/o Wilton Center-Dumont 765 kV,Dumont-Wilton Center 765kV,HENDRICKS-WEST MILL 138 KV,WILTON CENTER-DUMONT 765 KV,2013-04-03 00:00:00-04:00,2013-04-03 02:00:00-04:00
16116,Breed-Wheatland 345 l/o Eugene-Cayuga 345,Caysub-Eugene 345kV,BREED-WHEATLAND 345,EUGENE-CAYUGA 345,2013-02-10 08:00:00-05:00,2013-03-31 23:00:00-04:00
16137,Cumberland-Bushcin 138 l/o Cayuga3-Eugene 345,Caysub-Eugene 345kV,CUMBERLAND-BUSHCIN 138,CAYUGA3-EUGENE 345,2013-02-09 21:00:00-05:00,2013-03-25 01:00:00-04:00
16176,Lanesville-Illiopolis 138 l/o Brokaw-Lanesville 345,Lanesville-Brokaw-Pontiac 345 kV,LANESVILLE-ILLIOPOLIS 138,BROKAW-LANESVILLE 345,2013-01-03 10:00:00-05:00,2013-03-14 15:00:00-04:00
16181,Reynold 345/138 l/o Eugene-Cayuga3 345,Caysub-Eugene 345kV,REYNOLD 345/138,EUGENE-CAYUGA3 345,2013-03-13 10:00:00-04:00,2013-03-13 13:00:00-04:00
16207,Kewanee-Edwards 138kv l/o Duck Creek-Tazewell 345kv,Duck Creek-Tazewell (33161331) 345 Line,KEWANEE-EDWARDS 138 KV,DUCK CREEK-TAZEWELL 345 KV,2012-03-28 06:00:00-04:00,2013-03-08 07:00:00-05:00
16222,Prairie State-W Mt Vernon 345 kV l/o Coffeen-Roxford 345 kV,Coffeen-Roxfd 345,PRAIRIE STATE-W MT VERNON 345 KV,COFFEEN-ROXFORD 345 KV,2012-10-02 06:00:00-04:00,2013-03-05 07:00:00-05:00
16234,Rising 345/138 kV TR1 l/o Kincaid-Latham-Blue Mound 345 kV,Kincaid-Latham-Blue Mound 345 kV,RISING 345/138 KV TR1,KINCAID-LATHAM-BLUE MOUND 345 KV,2010-11-24 07:00:00-05:00,2013-02-28 18:00:00-05:00
16243,Rising 345/138 kV TR1 l/o Kincaid-Latham-Blue Mound 345 kV,345L2102 Kincaid-Blue Mound-Latham 345kV SPOG1-3-A,RISING 345/138 KV TR1,KINCAID-LATHAM-BLUE MOUND 345 KV,2013-02-22 00:00:00-05:00,2013-02-26 23:00:00-05:00
16246,Rising 345/138 l/o Pontiac-Blue Mound 345,Blue Mound-Ponitiac 345 kV,RISING 345/138,PONTIAC-BLUE MOUND 345,2012-10-31 11:00:00-04:00,2013-02-26 16:00:00-05:00
16247,Cumberland-Bushcin 138kv l/o Caysub-Eugene 345 kv,Caysub-Eugene 345kV,CUMBERLAND-BUSHCIN 138 KV,CAYSUB-EUGENE 345 KV,2013-02-20 00:00:00-05:00,2013-02-26 08:00:00-05:00
16259,Prairie State-W Mt Vernon 345 kV l/o Coffeen-Ramsey-Holland 345 kV,Coffeen-Ramsey-Holland 345 kV,PRAIRIE STATE-W MT VERNON 345 KV,COFFEEN-RAMSEY-HOLLAND 345 KV,2013-01-25 04:00:00-05:00,2013-02-22 01:00:00-05:00
16274,Pawnee xfmr l/o Kincaid-Blue Mound-Latham 345kV,345L2102 Kincaid-Blue Mound-Latham 345kV SPOG1-3-A,PAWNEE XFMR,KINCAID-BLUE MOUND-LATHAM 345 KV,2013-01-29 17:00:00-05:00,2013-02-15 23:00:00-05:00
16283,Rantoul-Rantoul Jct 138kv l/o N.Champaign- Mohomet-Rising 138kv 3 Way Tap,N.Champaign-Mohomet-Rising 138kV 3-Way Tap,RANTOUL-RANTOUL JCT 138 KV,N.CHAMPAIGN- MOHOMET-RISING 138 KV 3 WAY TAP,2011-09-17 02:00:00-04:00,2013-02-14 22:00:00-05:00
16289,Cumberland-Bush 138 kV l/o Cayuga-Cayuga3 345 kV,Cayuga2-Cayuga3 345 kV,CUMBERLAND-BUSH 138 KV,CAYUGA-CAYUGA3 345 KV,2013-02-13 15:00:00-05:00,2013-02-13 17:00:00-05:00
16357,E. Calamus-Mqoketa 161 l/o Salem-Rock Crk 345,L345.Salem-RockCreek(MEC),E. CALAMUS-MQOKETA 161,SALEM-ROCK CRK 345,2013-01-17 18:00:00-05:00,2013-01-24 11:00:00-05:00
16385,Lanesville 345/138 xfmr l/o Lanesville-Brokaw 345KV,L345.Brokaw-Lanesville.2107 [FUTURE],LANESVILLE 345/138 XFMR,LANESVILLE-BROKAW 345 KV,2012-12-28 00:00:00-05:00,2013-01-14 23:00:00-05:00
16421,Lanesville 345/138-kV xfmr l/o Lanesville-Brokaw-Pontiac 345 kV,Lanesville-Brokaw-Pontiac 345 kV,LANESVILLE 345/138-KV XFMR,LANESVILLE-BROKAW-PONTIAC 345 KV,2012-12-26 17:00:00-05:00,2013-01-03 17:00:00-05:00
16455,Pawnee 345/138 kv TX  l/o  Kincaid Lattham,Kincaid-Latham 345kV (2102 line),PAWNEE 345/138 KV TX,KINCAID LATTHAM,2012-12-20 07:00:00-05:00,2012-12-20 09:00:00-05:00
16462,Brokaw 345/138 l/o Brokaw-Pontiac 345,Brokaw-Pontiac 345,BROKAW 345/138,BROKAW-PONTIAC 345,2012-12-04 10:00:00-05:00,2012-12-19 15:00:00-05:00
16463,Pawnee 345/138 kV l/o Kincaid-Latham-Blue Mound 345+Latham 345/138 kV,Kincaid-Latham-Blue Mound 345+Latham 345/138 xfmr,PAWNEE 345/138 KV,KINCAID-LATHAM-BLUE MOUND 345+LATHAM 345/138 KV,2012-12-19 10:00:00-05:00,2012-12-19 10:00:00-05:00
16484,Rising 345/138 l/o Brokaw 345/138 TR1,Brokaw 345/138 TR1,RISING 345/138,BROKAW 345/138 TR1,2012-12-17 07:00:00-05:00,2012-12-17 07:00:00-05:00
16498,Brokaw-N.Leroy 138 kv l/o  Clinton-Oreana-GooseCrk,Clinton-Oreana-GooseCrk 345 kV,BROKAW-N.LEROY 138 KV,CLINTON-OREANA-GOOSECRK,2012-11-20 00:00:00-05:00,2012-12-14 09:00:00-05:00
16558,Bush-Lafayette 138 kV l/o Westwood-LafayetteCat 138 kV,Westwood-LafayetteCat 138 kV,BUSH-LAFAYETTE 138 KV,WESTWOOD-LAFAYETTECAT 138 KV,2012-12-01 07:00:00-05:00,2012-12-01 09:00:00-05:00
16641,Lanesville 345/138-kv TX l/o Kincaid-Lathm-Blue Mnd+Kincd-Pawnee+Latham TR1,345L2102 (multiphase) SPOG 1-3-A,LANESVILLE 345/138-KV TX,KINCAID-LATHM-BLUE MND+KINCD-PAWNEE+LATHAM TR1,2012-11-06 00:00:00-05:00,2012-11-16 23:00:00-05:00
16673,Lanesvlle 345/138 l/o 2102 Lines+2106 Line+Lthm TR1+Cffn-Rmsy-Hollnd 345+Rmsy TX,2102+2106+Lthm TR1+Cffn-Rmsy-Hollnd 345+Rmsy TX,LANESVLLE 345/138,2102 LINES+2106 LINE+LTHM TR1+CFFN-RMSY-HOLLND 345+RMSY TX,2012-11-15 11:00:00-05:00,2012-11-15 11:00:00-05:00
16729,Crete - St Johns Tap  345 kV l/o Burnham - Munster 345,345L17703 Burnham-Munster 345 kV Tie Line,CRETE - ST JOHNS TAP 345 KV,BURNHAM - MUNSTER 345,2011-12-07 00:00:00-05:00,2012-11-07 20:00:00-05:00
16735,Arcadian-Zion 345 l/o Cherry Valley-Silver Lake 345+Zion-Lakeview 138 (SPS),Chry Vlley-Slvr Lk 345+Zion-Lakeview 138 (SPS),ARCADIAN-ZION 345,CHERRY VALLEY-SILVER LAKE 345+ZION-LAKEVIEW 138 (SPS),2012-11-07 06:00:00-05:00,2012-11-07 06:00:00-05:00
16775,Hendrktp-Westmltp 138 l/o Burnham-Munster 345,Burnham-Munster 345,HENDRKTP-WESTMLTP 138,BURNHAM-MUNSTER 345,2012-10-04 00:00:00-04:00,2012-10-31 06:00:00-04:00
16904,Michigan City-Maple 138 l/o Babcock-Stillwell 345,Babcock-Stillwell 345 kV,MICHIGAN CITY-MAPLE 138,BABCOCK-STILLWELL 345,2012-10-05 06:00:00-04:00,2012-10-14 06:00:00-04:00
16967,Breed-Wheatland 345 l/o Jefferson-Rockport 765 kV,JEFFERSON ROCKPORT 765KV LINE,BREED-WHEATLAND 345,JEFFERSON-ROCKPORT 765 KV,2012-02-04 00:00:00-05:00,2012-10-08 23:00:00-04:00
16972,Rising 345/138 l/o 2102 sub+Latham TR1+Latham-Maroa 345,2102 sub+Latham TR1,RISING 345/138,2102 SUB+LATHAM TR1+LATHAM-MAROA 345,2012-10-08 07:00:00-04:00,2012-10-08 08:00:00-04:00
16985,Miami Fort - Hebron 138kv l/o Tanners Creek-Dearborn 345kv,TANNERS CREEK DEARBORN1 345KV LINE,MIAMI FORT - HEBRON 138 KV,TANNERS CREEK-DEARBORN 345 KV,2012-09-19 00:00:00-04:00,2012-10-05 20:00:00-04:00
16995,Mitchell-USSCoktp 138 l/o Burnham-Munster 345,Burnham-Munster 345,MITCHELL-USSCOKTP 138,BURNHAM-MUNSTER 345,2012-10-03 09:00:00-04:00,2012-10-04 14:00:00-04:00
17018,LINE    345 KV  Prairie State-W Mt Vernon 345 kV l/o St Francis-Lutesville 345 kV FG,LINE    345 KV  30974317CMPLINE DUMMY,LINE 345 KV PRAIRIE STATE-W MT VERNON 345 KV,ST FRANCIS-LUTESVILLE 345 KV FG,2011-11-12 05:00:00-05:00,2012-09-30 23:00:00-04:00
17023,LINE    161 KV  Oak Grove-Galesburg 161kV l/o Nelson-Electric Junction 345kV FG,155 NELS345 KV  BT2-3 CBCB      OPEN    155 NELS345 KV  BT4-5 CBCB      OPEN    LINE    345 KV  1550,LINE 161 KV OAK GROVE-GALESBURG 161 KV,NELSON-ELECTRIC JUNCTION 345 KV FG,2012-09-25 00:00:00-04:00,2012-09-29 08:00:00-04:00
17025,Marktown-Inland Steel7 138kv l/o Marktown-Inland Steel 5 183kv,Inland Steel5-Marktown 138 kV,MARKTOWN-INLAND STEEL7 138 KV,MARKTOWN-INLAND STEEL 5 183 KV,2012-09-27 07:00:00-04:00,2012-09-28 23:00:00-04:00
17029,LINE    161 KV  Beaver Channel-Albany 161 kV l/o Cordova-Nelson 345 kV FG,LINE    345 KV  15503   CMPLINE DUMMY,LINE 161 KV BEAVER CHANNEL-ALBANY 161 KV,CORDOVA-NELSON 345 KV FG,2012-04-26 06:00:00-04:00,2012-09-28 17:00:00-04:00
17035,LINE    138 KV  Rantoul-Rantoul Jct 138 kV l/o N Champaign-Mahomet-Rising 138 FG,CHAMP T3138 KV  1 03   1DIS     OPEN    CHAMP T3138 KV  1 032396DIS     OPEN    CHAMP T3138 KV  DUM0,LINE 138 KV RANTOUL-RANTOUL JCT 138 KV,N CHAMPAIGN-MAHOMET-RISING 138 FG,2012-01-03 07:00:00-05:00,2012-09-28 15:00:00-04:00
17038,RISING  345 KV  Rising 345/138 kV TR1 l/o Kincaid-Latham-Blue Mound 345 kV FG,LINE    345 KV  2102 1  CMPLINE DUMMY   LINE    345 KV  2102 3  CMPLINE DUMMY   LINE    345 KV  2102,RISING 345 KV RISING 345/138 KV TR1,KINCAID-LATHAM-BLUE MOUND 345 KV FG,2012-01-30 12:00:00-05:00,2012-09-28 11:00:00-04:00
17058,LINE    138 KV  Roxana-Praxair 1 138 kV l/o Wilton Center-Dumont 765 kV FG,112 WILT765 KV  11215 Z1CMPSERD DUMMY   112 WILT765 KV  11215ILKDIS     OPEN    112 WILT765 KV  BT3-,LINE 138 KV ROXANA-PRAXAIR 1 138 KV,WILTON CENTER-DUMONT 765 KV FG,2012-07-28 05:00:00-04:00,2012-09-27 02:00:00-04:00
17063,LINE    138 KV  Marktown-Inland7t 138 l/o Marktown-Inland5t 138 FG,LINE    138 KV  17M-INL1CMPLINE DUMMY,LINE 138 KV MARKTOWN-INLAND7T 138,MARKTOWN-INLAND5T 138 FG,2012-06-13 13:00:00-04:00,2012-09-26 15:00:00-04:00
17070,RISING  345 KV  Rising 345/138 l/o Pontiac-Blue Mound 345 FG,LINE    345 KV  8002    CMPLINE DUMMY,RISING 345 KV RISING 345/138,PONTIAC-BLUE MOUND 345 FG,2012-09-24 17:00:00-04:00,2012-09-24 21:00:00-04:00
17075,LINE    345 KV  Prairie State-W Mt Vernon 345 kV l/o Coffeen-Roxford 345 kV FG,LINE    345 KV  30395322CMPLINE DUMMY,LINE 345 KV PRAIRIE STATE-W MT VERNON 345 KV,COFFEEN-ROXFORD 345 KV FG,2011-12-20 06:00:00-05:00,2012-09-24 08:00:00-04:00
17076,LINE    161 KV  Oak Grove-Galesburg 161kV l/o Nelson-Electric Junction 345kV FG,LINE    345 KV  15502   CMPLINE DUMMY,LINE 161 KV OAK GROVE-GALESBURG 161 KV,NELSON-ELECTRIC JUNCTION 345 KV FG,2011-11-11 01:00:00-05:00,2012-09-24 06:00:00-04:00
17077,LINE    138 KV  Roxana-Praxair 138 kV l/o Roxana-Mitchell Yard 138 kV FG,LINE    138 KV  17R-MIT1CMPLINE DUMMY,LINE 138 KV ROXANA-PRAXAIR 138 KV,ROXANA-MITCHELL YARD 138 KV FG,2012-08-17 05:00:00-04:00,2012-09-24 05:00:00-04:00
17085,LINE    345 KV  Breed-Wheatland 345 l/o Jefferson-Rockport 765 kV FG,JEFFERSO765 KV  B       CB      OPEN    JEFFERSO765 KV  B1      CB      OPEN    LINE    765 KV  JEF-,LINE 345 KV BREED-WHEATLAND 345,JEFFERSON-ROCKPORT 765 KV FG,2012-09-18 06:00:00-04:00,2012-09-22 15:00:00-04:00
17093,LINE    138 KV  Powerton Jct-Lilly 138 kV l/o Duck Creek-Tazewell 345 kV FG,LINE    345 KV  33161331CMPLINE DUMMY,LINE 138 KV POWERTON JCT-LILLY 138 KV,DUCK CREEK-TAZEWELL 345 KV FG,2011-11-11 00:00:00-05:00,2012-09-21 18:00:00-04:00
17108,Purdue - Lafayette 138kv l/o westwood-concord 138kv,Westwood-Concord-Southeast 138 kV,PURDUE - LAFAYETTE 138 KV,WESTWOOD-CONCORD 138 KV,2012-09-19 00:00:00-04:00,2012-09-20 20:00:00-04:00
17125,LINE    345 KV  Benton Harbor-Palisades 345 kV l/o Cook-Palisades 345 kV FG,LINE    345 KV  DCC-PAL CMPLINE DUMMY,LINE 345 KV BENTON HARBOR-PALISADES 345 KV,COOK-PALISADES 345 KV FG,2011-11-17 00:00:00-05:00,2012-09-19 01:00:00-04:00
17158,RISING  345 KV  Rising 345/138-kV TX1 l/o Clinton-Brokaw 345 kV FG,BROKAW  345 KV  45TR2   CMPTRAFODUMMY   LINE    138 KV  1562    CMPLINE DUMMY   LINE    345 KV  4535,RISING 345 KV RISING 345/138-KV TX1,CLINTON-BROKAW 345 KV FG,2011-11-28 17:00:00-05:00,2012-09-15 15:00:00-04:00
17173,LINE    138 KV  Monticello-East Winamac 138 kV l/o Rockport-Jefferson 765 kV FG,JEFFERSO765 KV  B       CB      OPEN    JEFFERSO765 KV  B1      CB      OPEN    LINE    765 KV  JEF-,LINE 138 KV MONTICELLO-EAST WINAMAC 138 KV,ROCKPORT-JEFFERSON 765 KV FG,2012-09-11 22:00:00-04:00,2012-09-14 12:00:00-04:00
17178,LINE    138 KV  Cumberland-Bush 138 kV l/o Westwood-Concord-Southeast 138 kV FG,LINE    138 KV  WES-TIP1CMPLINE DUMMY,LINE 138 KV CUMBERLAND-BUSH 138 KV,WESTWOOD-CONCORD-SOUTHEAST 138 KV FG,2012-01-28 06:00:00-05:00,2012-09-13 20:00:00-04:00
17188,LINE    138 KV  Brokaw-Gibson (Cornbelt) 138 kV l/o Clinton-Oreana-GooseCrk 345 kV FG,LINE    345 KV  4545    CMPLINE DUMMY   LINE    345 KV  4545   2CMPLINE DUMMY   LINE    345 KV  GOO-,LINE 138 KV BROKAW-GIBSON (CORNBELT) 138 KV,CLINTON-OREANA-GOOSECRK 345 KV FG,2012-05-26 12:00:00-04:00,2012-09-13 16:00:00-04:00
17193,Lanesville 345/138-kv TX l/o Kincaid-Lathm-Blue Mnd+Kincd-Pawnee+Latham TR1,Kincaid-Latham-Blue Mound+Kincaid-Pawnee+Lthm TR1,LANESVILLE 345/138-KV TX,KINCAID-LATHM-BLUE MND+KINCD-PAWNEE+LATHAM TR1,2011-12-02 00:00:00-05:00,2012-09-13 13:00:00-04:00
17194,LANESVL 345 KV  Lanesville 345/138-kV TX l/o Kincd-Lathm-Blue Mnd+Kincd-Pawnee+Latham FG,LATHAM  345 KV  45TR1   CMPTRAFODUMMY   LINE    345 KV  2102 1  CMPLINE DUMMY   LINE    345 KV  2102,LANESVL 345 KV LANESVILLE 345/138-KV TX,KINCD-LATHM-BLUE MND+KINCD-PAWNEE+LATHAM FG,2012-06-18 16:00:00-04:00,2012-09-13 13:00:00-04:00
17232,LINE    345 KV  Arcadian-Zion 345 l/o Pleasant Prairie-Zion 345+Zion-Lakeview 138 (SPS) FG,22 ZION 345 KV  BT2-17CBCB      OPEN    22 ZION 345 KV  BT2-3 CBCB      OPEN    282 ZION138 KV  2820,LINE 345 KV ARCADIAN-ZION 345,PLEASANT PRAIRIE-ZION 345+ZION-LAKEVIEW 138 (SPS) FG,2012-08-03 18:00:00-04:00,2012-09-07 20:00:00-04:00
17253,LINE    345 KV  Pleasant Prairie-Zion 345 l/o Zion-Arcadian 345+Zion-Lakeview 138 (SPS) FG,22 ZION 345 KV  BT1920CBCB      OPEN    22 ZION 345 KV  BT7-20CBCB      OPEN    282 ZION138 KV  2820,LINE 345 KV PLEASANT PRAIRIE-ZION 345,ZION-ARCADIAN 345+ZION-LAKEVIEW 138 (SPS) FG,2012-09-06 19:00:00-04:00,2012-09-06 20:00:00-04:00
17282,NO PANA 345 KV  Pana 345/138 l/o 2102 Line+Lthm TR1+Kincd-Lansvl 345+Kincd-Pawne 345 FG,178 BLUE345 KV  BT1-2   CB      OPEN    178 BLUE345 KV  BT1-3   CB      OPEN    21 KINCA345 KV  BT1-,NO PANA 345 KV PANA 345/138,2102 LINE+LTHM TR1+KINCD-LANSVL 345+KINCD-PAWNE 345 FG,2012-09-05 11:00:00-04:00,2012-09-05 11:00:00-04:00
17287,LINE    138 KV  1352-Lilly 138 kV l/o Clinton Unit 1 FG,CLINTON4345 KV  U CL-1  CMPGEN  DUMMY,LINE 138 KV 1352-LILLY 138 KV,CLINTON UNIT 1 FG,2012-05-26 21:00:00-04:00,2012-09-05 01:00:00-04:00
17299,LINE    345 KV  Monroe-Wayne 345 l/o Monroe-Brownstown 1 345 FG,LINE    345 KV  BRO-MON1CMPLINE DUMMY,LINE 345 KV MONROE-WAYNE 345,MONROE-BROWNSTOWN 1 345 FG,2012-07-16 12:00:00-04:00,2012-09-03 20:00:00-04:00
17300,LINE    138 KV  Monticello-East Winamac 138 kV l/o Rockport-Jefferson 765 kV FG,LINE    765 KV  JEF-ROC1CMPLINE DUMMY,LINE 138 KV MONTICELLO-EAST WINAMAC 138 KV,ROCKPORT-JEFFERSON 765 KV FG,2012-02-15 08:00:00-05:00,2012-09-03 16:00:00-04:00
17302,LINE    345 KV  Breed-Wheatland 345 l/o Jefferson-Rockport 765 kV FG,LINE    765 KV  JEF-ROC1CMPLINE DUMMY,LINE 345 KV BREED-WHEATLAND 345,JEFFERSON-ROCKPORT 765 KV FG,2011-11-12 07:00:00-05:00,2012-09-02 08:00:00-04:00
17322,LINE    138 KV  Wash_St3-Raab Rd3 138 l/o 8001 Line FG,80 PONTI345 KV  BT3-8 CBCB      OPEN    80 PONTI345 KV  BT7-8 CBCB      OPEN    BROKAW  345 KV  2101,LINE 138 KV WASH_ST3-RAAB RD3 138,8001 LINE FG,2012-08-31 14:00:00-04:00,2012-08-31 16:00:00-04:00
17329,Burr Oak 345/138 kV xfmr l/o Burr Oak-Leesburg 345 kV,BURR OAK - LEESBURG 345 KV LINE (NIPS),BURR OAK 345/138 KV XFMR,BURR OAK-LEESBURG 345 KV,2010-03-24 00:00:00-04:00,2012-08-30 22:00:00-04:00
17339,LINE    161 KV  Davnprt-E. Calamus 161 l/o Quad Cities-Rock Crk 345 FG,LINE    345 KV  0405    CMPLINE DUMMY,LINE 161 KV DAVNPRT-E. CALAMUS 161,QUAD CITIES-ROCK CRK 345 FG,2012-07-01 16:00:00-04:00,2012-08-29 19:00:00-04:00
17343,LINE    161 KV  Oakgrove-Galesburg 161 kV l/o Sterling Steel-Nelson 345 kV FG,LINE    345 KV  15504   CMPLINE DUMMY,LINE 161 KV OAKGROVE-GALESBURG 161 KV,STERLING STEEL-NELSON 345 KV FG,2012-03-29 21:00:00-04:00,2012-08-29 08:00:00-04:00
17344,LINE    138 KV  Dune Acres-Michigan Cty 1 138 l/o Wilton Center-Dumont+Powerton 5/Joliet 7 (SPS) FG,112 WILT765 KV  BT3-4 CBCB      OPEN    112 WILT765 KV  BT4-5 CBCB      OPEN    29 JOLIE24 KV   JO-7,LINE 138 KV DUNE ACRES-MICHIGAN CTY 1 138,WILTON CENTER-DUMONT+POWERTON 5/JOLIET 7 (SPS) FG,2012-08-28 05:00:00-04:00,2012-08-29 07:00:00-04:00
17360,LINE    138 KV  Rantoul-Rantoul Jct 138 l/o Brkw-Gbsn 138+Champ T3 sub+Lever R3-Champ E3 138 FG,CHAMP E3138 KV  132400 3CMPSERD DUMMY   LINE    138 KV  32399324CMPLINE DUMMY   LINE    138 KV  GIBC,LINE 138 KV RANTOUL-RANTOUL JCT 138,BRKW-GBSN 138+CHAMP T3 SUB+LEVER R3-CHAMP E3 138 FG,2012-08-27 08:00:00-04:00,2012-08-27 08:00:00-04:00
17362,Edwards-Kewanee 138 l/o Lockport-Kendall 345,345L10805 Lockport-Kendall 345 kV Line SPOG 3-15,EDWARDS-KEWANEE 138,LOCKPORT-KENDALL 345,2012-08-23 07:00:00-04:00,2012-08-26 21:00:00-04:00
17364,LINE    138 KV  Edwards-Kewanee 138 l/o Powerton-Dresden 345 FG,12 DRESD345 KV  BT3-4 CBCB      OPEN    12 DRESD345 KV  BT4-5 CBCB      OPEN    12 DRESD345 KV  BT4-,LINE 138 KV EDWARDS-KEWANEE 138,POWERTON-DRESDEN 345 FG,2012-08-26 18:00:00-04:00,2012-08-26 18:00:00-04:00
17368,LINE    138 KV  Edwards-Kewanee 138 l/o Lockport-Kendall 345 FG,108 LOCK345 KV  BT7-8 CBCB      OPEN    108 LOCK345 KV  BT8-9 CBCB      OPEN    935 KEND345 KV  BT6-,LINE 138 KV EDWARDS-KEWANEE 138,LOCKPORT-KENDALL 345 FG,2012-08-22 12:00:00-04:00,2012-08-24 20:00:00-04:00
17385,LINE    345 KV  Bunsonville-Eugene 345 kV l/o Casey-Breed 345 kV FG,LINE    345 KV  BRE-WCA1CMPLINE DUMMY,LINE 345 KV BUNSONVILLE-EUGENE 345 KV,CASEY-BREED 345 KV FG,2011-11-19 11:00:00-05:00,2012-08-20 07:00:00-04:00
17420,LINE    345 KV  Palisades-Roosevelt 345 l/o Palisades-Vergenne 345 FG,LINE    345 KV  PAL-VER CMPLINE DUMMY,LINE 345 KV PALISADES-ROOSEVELT 345,PALISADES-VERGENNE 345 FG,2012-06-03 07:00:00-04:00,2012-08-15 05:00:00-04:00
17424,Beaver Channel-Albany l/o Salem 345/138 TR22,Salem 345/138  TR22,BEAVER CHANNEL-ALBANY,SALEM 345/138 TR22,2012-07-11 00:00:00-04:00,2012-08-14 16:00:00-04:00
17466,LINE    138 KV  W Lafayette-Cumberland 138 kV l/o Westwood-Tippecanoe Labs 138 kV FG,LINE    138 KV  WES-TIP1CMPLINE DUMMY,LINE 138 KV W LAFAYETTE-CUMBERLAND 138 KV,WESTWOOD-TIPPECANOE LABS 138 KV FG,2012-06-19 14:00:00-04:00,2012-08-08 19:00:00-04:00
17501,TAZEWEL2345 KV  Tazewell 345/138 kV T1 l/o Tazewell 345/138 kV T2 FG,TAZEWEL2345 KV  T 233141CMPTRAFODUMMY,TAZEWEL2345 KV TAZEWELL 345/138 KV T1,TAZEWELL 345/138 KV T2 FG,2012-08-01 14:00:00-04:00,2012-08-03 18:00:00-04:00
17511,LINE    138 KV  Miller-USSCoktp 138 l/o Miller-Tinmiltp 138 FG,17MILLER138 KV  17      CB      OPEN    17MILLER138 KV  1722    CB      OPEN    LINE    138 KV  17M-,LINE 138 KV MILLER-USSCOKTP 138,MILLER-TINMILTP 138 FG,2012-08-01 21:00:00-04:00,2012-08-01 22:00:00-04:00
17534,LINE    138 KV  Roxana-Praxair 138 kV l/o Inland5-Marktown 138 kV FG,LINE    138 KV  17M-INL1CMPLINE DUMMY,LINE 138 KV ROXANA-PRAXAIR 138 KV,INLAND5-MARKTOWN 138 KV FG,2012-07-28 05:00:00-04:00,2012-07-28 05:00:00-04:00
17582,LINE    161 KV  Beaver Channel-Albany 161 l/o Salem 345/138 TR22 FG,SALEM  6345 KV  TR22    CMPTRAFODUMMY,LINE 161 KV BEAVER CHANNEL-ALBANY 161,SALEM 345/138 TR22 FG,2012-06-27 13:00:00-04:00,2012-07-19 09:00:00-04:00
17583,LINE    138 KV  Beaver Channel-Albany 161 l/o Salem 345/138 TR22 FG,SALEM  6345 KV  TR22    CMPTRAFODUMMY,LINE 138 KV BEAVER CHANNEL-ALBANY 161,SALEM 345/138 TR22 FG,2012-06-27 15:00:00-04:00,2012-07-19 08:00:00-04:00
17587,LINE    138 KV  Batesville-Hubble 138 l/o Tanners Crk-Miami Fort 345 FG,LINE    345 KV  TAN-MIA1CMPLINE DUMMY   MIAMIFOR345 KV  SW991   DIS     OPEN    TANNERSC345 KV  T2,LINE 138 KV BATESVILLE-HUBBLE 138,TANNERS CRK-MIAMI FORT 345 FG,2012-07-18 14:00:00-04:00,2012-07-18 15:00:00-04:00
17612,Kenosha-Lakeview 138 l/o Pleasant Prairie-Zion 345 kV,Zion-Pleas PR (2221) 345 Line,KENOSHA-LAKEVIEW 138,PLEASANT PRAIRIE-ZION 345 KV,2010-05-01 01:00:00-04:00,2012-07-12 18:00:00-04:00
17618,LINE    138 KV  Michigan Cty-Laporte l/o Wilton Center-Dumont 765+Powerton 5/Joliet 7 (SPS) FG,29 JOLIE24 KV   JO-7    CMPGEN  DUMMY   29 JOLIE345 KV  BT7-8 CBCB      OPEN    29 JOLIE345 KV  L291,LINE 138 KV MICHIGAN CTY-LAPORTE,WILTON CENTER-DUMONT 765+POWERTON 5/JOLIET 7 (SPS) FG,2012-06-09 05:00:00-04:00,2012-07-11 07:00:00-04:00
17622,CAYUGA2 345 KV  Cayuga 345/230 xfmr 9 l/o Cayuga 345/230 xfmr 10 FG,CAYUGA2 345 KV  10      CMPTRAFODUMMY,CAYUGA2 345 KV CAYUGA 345/230 XFMR 9,CAYUGA 345/230 XFMR 10 FG,2012-07-06 18:00:00-04:00,2012-07-10 15:00:00-04:00
17623,LINE    138 KV  Kenosha-Lakeview 138 l/o Pleasant Prairie-Zion 345 kV FG,LINE    345 KV  2221    CMPLINE DUMMY,LINE 138 KV KENOSHA-LAKEVIEW 138,PLEASANT PRAIRIE-ZION 345 KV FG,2011-11-18 19:00:00-05:00,2012-07-10 15:00:00-04:00
17638,LINE    345 KV  Cayuga3-Cayuga2 345 l/o Jefferson-Rockport 765 FG,LINE    765 KV  JEF-ROC1CMPLINE DUMMY,LINE 345 KV CAYUGA3-CAYUGA2 345,JEFFERSON-ROCKPORT 765 FG,2012-05-29 05:00:00-04:00,2012-07-08 09:00:00-04:00
17639,LINE    138 KV  W Lafayette-Cumberland 138 kV l/o Cayuga-Cayuga3 345 kV FG,LINE    345 KV  CAY-CAY2CMPLINE DUMMY,LINE 138 KV W LAFAYETTE-CUMBERLAND 138 KV,CAYUGA-CAYUGA3 345 KV FG,2012-06-29 13:00:00-04:00,2012-07-07 21:00:00-04:00
17644,LINE    138 KV  Lakeview-282 Zion 138 kV l/o Zion-Pleasant Prairie 345 kV FG,LINE    345 KV  2221    CMPLINE DUMMY,LINE 138 KV LAKEVIEW-282 ZION 138 KV,ZION-PLEASANT PRAIRIE 345 KV FG,2011-12-27 09:00:00-05:00,2012-07-07 19:00:00-04:00
17714,LINE    138 KV  Batesville-Hubble 138 l/o Tanners Crk-Miami Fort 345 FG,LINE    345 KV  TAN-MIA1CMPLINE DUMMY,LINE 138 KV BATESVILLE-HUBBLE 138,TANNERS CRK-MIAMI FORT 345 FG,2012-06-13 17:00:00-04:00,2012-06-29 16:00:00-04:00
17717,BURR_OAK345 KV  Burr Oak 345/138 kV xfmr l/o Burr Oak-Leesburg 345 kV FG,LINE    345 KV  BUR-LEE1CMPLINE DUMMY,BURR_OAK345 KV BURR OAK 345/138 KV XFMR,BURR OAK-LEESBURG 345 KV FG,2011-12-19 10:00:00-05:00,2012-06-29 13:00:00-04:00
17718,LINE    345 KV  Burr Oak 345/138 kV xfmr l/o Burr Oak-Leesburg 345 kV FG,LINE    345 KV  BUR-LEE1CMPLINE DUMMY,LINE 345 KV BURR OAK 345/138 KV XFMR,BURR OAK-LEESBURG 345 KV FG,2011-12-19 10:00:00-05:00,2012-06-29 13:00:00-04:00
17720,Roxana-Praxair 1 138 kV l/o Marktown-Inland Steel 7 138 kV,Marktown-Inland Steel 7 138 kV,ROXANA-PRAXAIR 1 138 KV,MARKTOWN-INLAND STEEL 7 138 KV,2011-04-07 04:00:00-04:00,2012-06-28 23:00:00-04:00
17722,LINE    138 KV  Monticello-East Winamac 138 kV l/o Schahfer-Burr Oak 345 kV FG,LINE    345 KV  BUR-SCH1CMPLINE DUMMY,LINE 138 KV MONTICELLO-EAST WINAMAC 138 KV,SCHAHFER-BURR OAK 345 KV FG,2011-11-11 12:00:00-05:00,2012-06-28 15:00:00-04:00
17733,Michigan City - Laporte 138 kV l/o Dumont -Wilton Center 765 kV,DUMONT WILTON CENTER 765KV LINE (L11215),MICHIGAN CITY - LAPORTE 138 KV,DUMONT -WILTON CENTER 765 KV,2010-11-13 00:00:00-05:00,2012-06-25 22:00:00-04:00
17738,LINE    138 KV  Sheffield-Marktown 138 kV l/o Sheffield-Amoco 138 kV FG,LINE    138 KV  SHE-AMO1CMPLINE DUMMY,LINE 138 KV SHEFFIELD-MARKTOWN 138 KV,SHEFFIELD-AMOCO 138 KV FG,2012-04-02 21:00:00-04:00,2012-06-25 11:00:00-04:00
17753,LINE    138 KV  Holland-Neoga 345 l/o Newton-Casey 345 FG,LINE    345 KV  LN  2796CMPLINE DUMMY,LINE 138 KV HOLLAND-NEOGA 345,NEWTON-CASEY 345 FG,2012-06-21 10:00:00-04:00,2012-06-21 21:00:00-04:00
17754,LINE    345 KV  Holland-Neoga 345 l/o Newton-Casey 345 FG,LINE    345 KV  LN  2796CMPLINE DUMMY,LINE 345 KV HOLLAND-NEOGA 345,NEWTON-CASEY 345 FG,2012-06-21 11:00:00-04:00,2012-06-21 21:00:00-04:00
17797,Cumberland-Bush 138 KV l/o Westwood-Concord-Southeast 138 kV,Westwood-Tippecanoe Labs 138 kV,CUMBERLAND-BUSH 138 KV,WESTWOOD-CONCORD-SOUTHEAST 138 KV,2012-02-03 05:00:00-05:00,2012-06-16 21:00:00-04:00
17857,Rantoul-Rantoul Jct 138 KV l/o Rising-N Champaign-Mahomet 138 kV,Rising-N Champaign-Mahomet 138 kV,RANTOUL-RANTOUL JCT 138 KV,RISING-N CHAMPAIGN-MAHOMET 138 KV,2012-02-13 00:00:00-05:00,2012-06-06 00:00:00-04:00
17883,LINE    138 KV  Cumberland-Bush 138 kV l/o Westwood-Lafayette Cat 138 kV FG,LINE    138 KV  LAF-LAF2CMPLINE DUMMY   LINE    138 KV  LAF-PUR1CMPLINE DUMMY   LINE    138 KV  PUR-,LINE 138 KV CUMBERLAND-BUSH 138 KV,WESTWOOD-LAFAYETTE CAT 138 KV FG,2012-05-29 19:00:00-04:00,2012-05-31 10:00:00-04:00
17886,IPAVA  3345 KV  Ipava 345/138 l/o Lckprt-Kndll 345 FG,LINE    345 KV  10805   CMPLINE DUMMY,IPAVA 3345 KV IPAVA 345/138,LCKPRT-KNDLL 345 FG,2012-05-14 14:00:00-04:00,2012-05-30 18:00:00-04:00
17898,LINE    138 KV  17LTV2-Roxana 138 l/o Marktown-Inland5t 138 FG,LINE    138 KV  17M-INL1CMPLINE DUMMY,LINE 138 KV 17LTV2-ROXANA 138,MARKTOWN-INLAND5T 138 FG,2012-05-29 15:00:00-04:00,2012-05-29 17:00:00-04:00
17913,LINE    138 KV  Powerton(1352)-Lilly 138 kV l/o Kewanee-Toulon 138 kV FG,LINE    138 KV  7421    CMPLINE DUMMY,LINE 138 KV POWERTON(1352)-LILLY 138 KV,KEWANEE-TOULON 138 KV FG,2011-12-10 22:00:00-05:00,2012-05-28 16:00:00-04:00
17922,LINE    138 KV  Brokaw-N Leroy 138 kV l/o Clinton-Oreana-GooseCrk 345 kV FG,LINE    345 KV  4545    CMPLINE DUMMY   LINE    345 KV  4545   2CMPLINE DUMMY   LINE    345 KV  GOO-,LINE 138 KV BROKAW-N LEROY 138 KV,CLINTON-OREANA-GOOSECRK 345 KV FG,2012-05-26 13:00:00-04:00,2012-05-26 16:00:00-04:00
17949,LINE    138 KV  Cumberland-Bush 138 kV l/o Cayuga-Cayuga3 345 kV FG,LINE    345 KV  CAY-CAY2CMPLINE DUMMY,LINE 138 KV CUMBERLAND-BUSH 138 KV,CAYUGA-CAYUGA3 345 KV FG,2012-03-12 06:00:00-04:00,2012-05-22 07:00:00-04:00
17965,Ipava 345 kv tx l/o lckprt-kndll 345,Kendall-Lockport 345 kV,IPAVA 345 KV TX,LCKPRT-KNDLL 345,2012-05-16 05:00:00-04:00,2012-05-19 23:00:00-04:00
17970,Michigan City-Laporte l/o Dumont-stillwell,Dumont-Stillwell 345 kV,MICHIGAN CITY-LAPORTE,DUMONT-STILLWELL,2012-05-14 06:00:00-04:00,2012-05-18 05:00:00-04:00
17978,LINE    138 KV  State Line-Wolf Lake 138 l/o Burnham-Sheffield 345 kV FG,LINE    345 KV  BUR-SHE1CMPLINE DUMMY,LINE 138 KV STATE LINE-WOLF LAKE 138,BURNHAM-SHEFFIELD 345 KV FG,2012-05-15 02:00:00-04:00,2012-05-16 06:00:00-04:00
17993,Dumont2-stillwell l/o DUMONT WILTON CENTER 765KV LINE,DUMONT WILTON CENTER 765KV LINE (L11215),DUMONT2-STILLWELL,DUMONT WILTON CENTER 765 KV LINE,2011-10-12 00:00:00-04:00,2012-05-14 00:00:00-04:00
17995,LINE    138 KV  State Line-Wolf Lake 138 kV l/o Wilton Center-Dumont 765+Powerton5/Joliet7 (SPS) FG,29 JOLIE24 KV   JO-7    CMPGEN  DUMMY   29 JOLIE345 KV  BT7-8 CBCB      OPEN    29 JOLIE345 KV  L291,LINE 138 KV STATE LINE-WOLF LAKE 138 KV,WILTON CENTER-DUMONT 765+POWERTON5/JOLIET7 (SPS) FG,2012-05-12 05:00:00-04:00,2012-05-12 05:00:00-04:00
17996,LINE    138 KV  State Line-Wolf Lake 138 l/o Wilton Center-Dumont 765 kV FG,LINE    765 KV  DUM-WIL1CMPLINE DUMMY,LINE 138 KV STATE LINE-WOLF LAKE 138,WILTON CENTER-DUMONT 765 KV FG,2011-11-21 21:00:00-05:00,2012-05-11 07:00:00-04:00
18056,LANESVL 345 KV  Lanesville 345/138 xfmr l/o Lthm-Kncd+Kncd-Pawnee+Pawnee TX+Kincd U2 FG,21 KINCA20 KV   KN-2    CMPGEN  DUMMY   LINE    345 KV  2102 1  CMPLINE DUMMY   LINE    345 KV  2106,LANESVL 345 KV LANESVILLE 345/138 XFMR,LTHM-KNCD+KNCD-PAWNEE+PAWNEE TX+KINCD U2 FG,2012-04-30 10:00:00-04:00,2012-05-04 17:00:00-04:00
18068,LINE    138 KV  Plymouth-Leesburg Tap 138 kV l/o Burr Oak-Leesburg FG,LINE    345 KV  BUR-LEE1CMPLINE DUMMY,LINE 138 KV PLYMOUTH-LEESBURG TAP 138 KV,BURR OAK-LEESBURG FG,2012-05-01 06:00:00-04:00,2012-05-04 06:00:00-04:00
18070,Plymouth-Leesburg Tap 138kv l/o Burr Oak-Leesburg,Burr Oak-Leesburg 345 kV,PLYMOUTH-LEESBURG TAP 138 KV,BURR OAK-LEESBURG,2012-05-03 00:00:00-04:00,2012-05-03 23:00:00-04:00
18105,LINE    138 KV  Kenosha-Lakeview 138 kV l/o Arcadian-Zion 345 kV FG,LINE    345 KV  2222    CMPLINE DUMMY,LINE 138 KV KENOSHA-LAKEVIEW 138 KV,ARCADIAN-ZION 345 KV FG,2012-04-02 16:00:00-04:00,2012-04-30 17:00:00-04:00
18134,LINE    345 KV  Babcock-Stillwell 345 kV l/o Wilton Center-Dumont 765 kV FG,LINE    765 KV  DUM-WIL1CMPLINE DUMMY,LINE 345 KV BABCOCK-STILLWELL 345 KV,WILTON CENTER-DUMONT 765 KV FG,2012-04-25 06:00:00-04:00,2012-04-26 09:00:00-04:00
18163,151 WOOD-12205    12205 2   l/o Cherry Valley-Silver Lake 345 kV Line,345L15616 Cherry Valley-Silver Lake 345 kV Line,151 WOOD-12205 12205 2,CHERRY VALLEY-SILVER LAKE 345 KV LINE,2012-02-15 00:00:00-05:00,2012-04-23 23:00:00-04:00
18180,LINE    161 KV  Oak Grove-Galesburg 161 l/o Cherry Valley-Silver Lake 345 FG,LINE    345 KV  15616   CMPLINE DUMMY,LINE 161 KV OAK GROVE-GALESBURG 161,CHERRY VALLEY-SILVER LAKE 345 FG,2012-02-17 03:00:00-05:00,2012-04-22 00:00:00-04:00
18290,LINE    138 KV  Kewanee-Edwards 138 kV l/o Duck Creek-Tazewell 345 kV FG,LINE    345 KV  33161331CMPLINE DUMMY,LINE 138 KV KEWANEE-EDWARDS 138 KV,DUCK CREEK-TAZEWELL 345 KV FG,2012-03-22 13:00:00-04:00,2012-04-10 16:00:00-04:00
18299,LINE    138 KV  Lakeview-Zion 138kV l/o Zion-Arcadian 345kV FG,LINE    345 KV  2222    CMPLINE DUMMY,LINE 138 KV LAKEVIEW-ZION 138 KV,ZION-ARCADIAN 345 KV FG,2012-04-08 10:00:00-04:00,2012-04-08 15:00:00-04:00
18322,LINE    161 KV  Oak Grove-Galesburg 161 kV l/o Cordova-Nelson 345 kV FG,LINE    345 KV  15503   CMPLINE DUMMY,LINE 161 KV OAK GROVE-GALESBURG 161 KV,CORDOVA-NELSON 345 KV FG,2012-03-19 09:00:00-04:00,2012-04-03 14:00:00-04:00
18331,LINE    138 KV  Lakeview-Zion 138 l/o Pleasant Prairie-Zion 345+Arcadian-Zion 345 FG,LINE    345 KV  2221    CMPLINE DUMMY   LINE    345 KV  2222    CMPLINE DUMMY,LINE 138 KV LAKEVIEW-ZION 138,PLEASANT PRAIRIE-ZION 345+ARCADIAN-ZION 345 FG,2012-04-02 07:00:00-04:00,2012-04-02 08:00:00-04:00
18332,Burnham Munster l/o Dumont Wilton Center,DUMONT WILTON CENTER 765KV LINE (L11215),BURNHAM MUNSTER,DUMONT WILTON CENTER,2011-10-09 01:00:00-04:00,2012-04-02 04:00:00-04:00
18365,NO PANA 345 KV  Pana 345/138-kV TX l/o Kincaid-Lanesville 345 kV FG,21 KINCA345 KV  BT1-2 CBCB      OPEN    21 KINCA345 KV  BT1-3 CBCB      OPEN    LINE    345 KV  2101,NO PANA 345 KV PANA 345/138-KV TX,KINCAID-LANESVILLE 345 KV FG,2012-03-21 13:00:00-04:00,2012-03-22 18:00:00-04:00
18393,NO PANA 345 KV  Pana 345/138-kV TX l/o Kincaid-Lanesville 345 kV FG,LINE    345 KV  2101 1  CMPLINE DUMMY,NO PANA 345 KV PANA 345/138-KV TX,KINCAID-LANESVILLE 345 KV FG,2012-03-19 11:00:00-04:00,2012-03-19 11:00:00-04:00
18409,LINE    161 KV  Oak Grove-Galesburg 161 l/o Nelson-Lee County 345 FG,LINE    345 KV  15501   CMPLINE DUMMY,LINE 161 KV OAK GROVE-GALESBURG 161,NELSON-LEE COUNTY 345 FG,2012-03-17 07:00:00-04:00,2012-03-17 07:00:00-04:00
18442,LINE    345 KV  Breed-Wheatland 345 l/o Eugene-Cayuga 345 FG,LINE    345 KV  EUG-CAY1CMPLINE DUMMY,LINE 345 KV BREED-WHEATLAND 345,EUGENE-CAYUGA 345 FG,2012-03-12 06:00:00-04:00,2012-03-12 06:00:00-04:00
18444,LINE    138 KV  Rantoul Jct-Sidney 138 kV l/o Rising-N Champaign-Mahomet 138 kV FG,LINE    138 KV  1592    CMPLINE DUMMY   LINE    138 KV  1592   2CMPLINE DUMMY   LINE    138 KV  3239,LINE 138 KV RANTOUL JCT-SIDNEY 138 KV,RISING-N CHAMPAIGN-MAHOMET 138 KV FG,2012-01-02 02:00:00-05:00,2012-03-12 01:00:00-04:00
18517,WORTHING161 KV  Worthington 138/161 kV l/o Rockport-Jefferson 765 kV FG,LINE    765 KV  JEF-ROC1CMPLINE DUMMY,WORTHING161 KV WORTHINGTON 138/161 KV,ROCKPORT-JEFFERSON 765 KV FG,2012-02-29 09:00:00-05:00,2012-02-29 10:00:00-05:00
18521,LINE    345 KV  Gibson-Petersburg 345 kV l/o Gibson-Bedford 345 kV FG,LINE    345 KV  BED-GIB1CMPLINE DUMMY,LINE 345 KV GIBSON-PETERSBURG 345 KV,GIBSON-BEDFORD 345 KV FG,2012-02-27 07:00:00-05:00,2012-02-28 11:00:00-05:00
18571,Powerton Jct-Lilly 138kv l/o Duck Creek-Tazewell 345kv,Duck Creek-Tazewell (33161331) 345 Line,POWERTON JCT-LILLY 138 KV,DUCK CREEK-TAZEWELL 345 KV,2011-04-20 00:00:00-04:00,2012-02-16 23:00:00-05:00
18618,LINE    138 KV  Monticello-EWinamac 138 l/o Jefferson-Rockport 765+Jefferson 765/345 FG,JEFFERSO765 KV  .  1    CMPTRAFODUMMY   LINE    765 KV  JEF-ROC1CMPLINE DUMMY,LINE 138 KV MONTICELLO-EWINAMAC 138,JEFFERSON-ROCKPORT 765+JEFFERSON 765/345 FG,2011-12-02 22:00:00-05:00,2012-02-11 00:00:00-05:00
18631,Dune Acres-Michigan City 2 138 kV l/o Dune Acres-Michigan City 1 138 kV,Dune Acre-Michigan City #1,DUNE ACRES-MICHIGAN CITY 2 138 KV,DUNE ACRES-MICHIGAN CITY 1 138 KV,2010-11-11 00:00:00-05:00,2012-02-09 06:00:00-05:00
18640,Brokaw-Gibson 138kv l/o Kincaid-Latham-BlueMound 345kv+Latham TR1,Kincaid-Latham-BlueMound 345 + Latham TR1,BROKAW-GIBSON 138 KV,KINCAID-LATHAM-BLUEMOUND 345 KV+LATHAM TR1,2011-10-19 00:00:00-04:00,2012-02-08 05:00:00-05:00
18709,LINE    138 KV  Cumberland-Bush 138 kV l/o Westwood-Concord-Southeast 138 kV FG,LINE    138 KV  CON-LAF1CMPLINE DUMMY   LINE    138 KV  LAF-CON1CMPLINE DUMMY   LINE    138 KV  WES-,LINE 138 KV CUMBERLAND-BUSH 138 KV,WESTWOOD-CONCORD-SOUTHEAST 138 KV FG,2011-12-15 06:00:00-05:00,2012-01-23 18:00:00-05:00
18752,Monticello-EWinamac 138kV l/o Jefferson-Clifty Creek + Jefferson xfm,Jefferson-Clifty Creek + Jefferson xfmr,MONTICELLO-EWINAMAC 138 KV,JEFFERSON-CLIFTY CREEK + JEFFERSON XFM,2011-11-30 00:00:00-05:00,2012-01-12 23:00:00-05:00
18753,Bloomton-Denoisck 230 kv l/o Jefferson -Rockport 765 kv,Jefferson-Rockport (JEF-ROC1) 765 Line,BLOOMTON-DENOISCK 230 KV,JEFFERSON -ROCKPORT 765 KV,2011-12-01 23:00:00-05:00,2012-01-12 23:00:00-05:00
18755,LINE    138 KV  Bush-Lafayette 138 kV l/o Westwood-Concord SE 138 kV FG,LINE    138 KV  CON-LAF1CMPLINE DUMMY   LINE    138 KV  LAF-CON1CMPLINE DUMMY   LINE    138 KV  WES-,LINE 138 KV BUSH-LAFAYETTE 138 KV,WESTWOOD-CONCORD SE 138 KV FG,2012-01-12 20:00:00-05:00,2012-01-12 20:00:00-05:00
18813,Miami Fort - Hebron 138kv l/o Tanners Creek-Dearborn 345kv,Dearborn-Tanners Creek 345 kV ckt 1,MIAMI FORT - HEBRON 138 KV,TANNERS CREEK-DEARBORN 345 KV,2011-11-22 00:00:00-05:00,2011-12-31 23:00:00-05:00
18819,LINE    138 KV  Wolf Lake-Sheffield 138 kV l/o Dumont-Wilton Center 765 kV FG,LINE    765 KV  DUM-WIL1CMPLINE DUMMY,LINE 138 KV WOLF LAKE-SHEFFIELD 138 KV,DUMONT-WILTON CENTER 765 KV FG,2011-12-29 10:00:00-05:00,2011-12-29 21:00:00-05:00
18822,LINE    345 KV  Babcock-Stillwell 345 kV l/o Wilton Center-Dumont 765+Powerton 5/Joliet (SPS) FG,29 JOLIE24 KV   JO-7    CMPGEN  DUMMY   3 POWERT24 KV   PO-5    CMPGEN  DUMMY   LINE    765 KV  DUM-,LINE 345 KV BABCOCK-STILLWELL 345 KV,WILTON CENTER-DUMONT 765+POWERTON 5/JOLIET (SPS) FG,2011-12-29 10:00:00-05:00,2011-12-29 12:00:00-05:00
18826,LINE    138 KV  Michigan Cty-Laporte l/o Wilton Center-Dumont 765+Powerton 5/Joliet 7 (SPS) FG,29 JOLIE24 KV   JO-7    CMPGEN  DUMMY   3 POWERT24 KV   PO-5    CMPGEN  DUMMY   LINE    765 KV  DUM-,LINE 138 KV MICHIGAN CTY-LAPORTE,WILTON CENTER-DUMONT 765+POWERTON 5/JOLIET 7 (SPS) FG,2011-12-27 09:00:00-05:00,2011-12-28 06:00:00-05:00
18832,Crete-StJohn B 345 KV l/o 112_Wilton-23_Collins 765 kv line & Wilton TR93,112_Wilton - 23_Collins 765 kV line & Wilton TR93,CRETE-STJOHN B 345 KV,112_WILTON-23_COLLINS 765 KV LINE & WILTON TR93,2011-12-02 00:00:00-05:00,2011-12-24 23:00:00-05:00
18834,Burnham-Sheffild B 345 KV l/o DUMONT WILTON CENTER 765KV LINE (L11215),DUMONT WILTON CENTER 765KV LINE (L11215),BURNHAM-SHEFFILD B 345 KV,DUMONT WILTON CENTER 765 KV LINE (L11215),2010-10-02 00:00:00-04:00,2011-12-24 21:00:00-05:00
18860,NO PANA 345 KV  Pana 345/138-kV TX l/o Kincaid-Pawnee 345 kV FG,LINE    345 KV  2106    CMPLINE DUMMY,NO PANA 345 KV PANA 345/138-KV TX,KINCAID-PAWNEE 345 KV FG,2011-12-19 16:00:00-05:00,2011-12-19 17:00:00-05:00
18864,LINE    138 KV  Dune Acres-Michigan City 1 138 kV l/o Dune Acres-Michigan City 2 138 k FG,LINE    138 KV  DUN-MIC2CMPLINE DUMMY,LINE 138 KV DUNE ACRES-MICHIGAN CITY 1 138 KV,DUNE ACRES-MICHIGAN CITY 2 138 K FG,2011-11-18 20:00:00-05:00,2011-12-19 07:00:00-05:00
18896,Sheffield-Marktown 138 kV l/o Sheffield -Amoco 138 kv,Sheffield-Amoco  138 kV,SHEFFIELD-MARKTOWN 138 KV,SHEFFIELD -AMOCO 138 KV,2011-11-25 09:00:00-05:00,2011-12-15 05:00:00-05:00
18899,LINE    230 KV  New London-Kokomo 230 l/o Jefferson-Rockport 765+Jefferson 765/345 FG,JEFFERSO765 KV  .  1    CMPTRAFODUMMY   LINE    765 KV  JEF-ROC1CMPLINE DUMMY,LINE 230 KV NEW LONDON-KOKOMO 230,JEFFERSON-ROCKPORT 765+JEFFERSON 765/345 FG,2011-12-14 07:00:00-05:00,2011-12-14 22:00:00-05:00
18925,LINE    138 KV  Dune Acres-Michigan City 2 138 kV l/o Dune Acres-Michigan City 1 138 k FG,LINE    345 KV  DUN-MIC1CMPLINE DUMMY,LINE 138 KV DUNE ACRES-MICHIGAN CITY 2 138 KV,DUNE ACRES-MICHIGAN CITY 1 138 K FG,2011-11-17 12:00:00-05:00,2011-12-13 07:00:00-05:00
18939,LANESVL 345 KV  Lanesville 345/138-kV TX l/o Kincd-Lathm-Blue Mnd+Kincd-Pawnee+Latham TR1 FG,LATHAM  345 KV  45TR1   CMPTRAFODUMMY   LINE    345 KV  2102 1  CMPLINE DUMMY   LINE    345 KV  2102,LANESVL 345 KV LANESVILLE 345/138-KV TX,KINCD-LATHM-BLUE MND+KINCD-PAWNEE+LATHAM TR1 FG,2011-11-29 13:00:00-05:00,2011-12-10 00:00:00-05:00
18958,LINE    138 KV  Miami Fort-Hebron 138 kv l/o Tanners Creek-Dearborn 345 kV FG,LINE    345 KV  TAN-DEA1CMPLINE DUMMY,LINE 138 KV MIAMI FORT-HEBRON 138 KV,TANNERS CREEK-DEARBORN 345 KV FG,2011-11-17 09:00:00-05:00,2011-12-07 17:00:00-05:00
18967,LINE    230 KV  Bloomton-Denoisck 230 kV l/o Jefferson-Rockport 765 kV FG,LINE    765 KV  JEF-ROC1CMPLINE DUMMY,LINE 230 KV BLOOMTON-DENOISCK 230 KV,JEFFERSON-ROCKPORT 765 KV FG,2011-11-29 16:00:00-05:00,2011-12-06 17:00:00-05:00
18970,LINE    345 KV  Burnham-Munster 345 kV l/o E. Frankfort-Crete 345 kV FG,LINE    345 KV  6607    CMPLINE DUMMY,LINE 345 KV BURNHAM-MUNSTER 345 KV,E. FRANKFORT-CRETE 345 KV FG,2011-12-05 23:00:00-05:00,2011-12-06 06:00:00-05:00
18989,LINE    138 KV  Roxana-Praxair 1 138 kV l/o Wilton Center-Dumont 765 kV FG,LINE    765 KV  DUM-WIL1CMPLINE DUMMY,LINE 138 KV ROXANA-PRAXAIR 1 138 KV,WILTON CENTER-DUMONT 765 KV FG,2011-12-02 16:00:00-05:00,2011-12-03 06:00:00-05:00
18993,LINE    138 KV  State Line-Roxanna 138 kV l/o Wilton Center-Dumont 765 kV FG,LINE    765 KV  DUM-WIL1CMPLINE DUMMY,LINE 138 KV STATE LINE-ROXANNA 138 KV,WILTON CENTER-DUMONT 765 KV FG,2011-11-28 21:00:00-05:00,2011-12-02 16:00:00-05:00
18997,LINE    138 KV  Miami Fort-Hebron 138 kV l/o Eastbend-Terminal 345kV FG,LINE    345 KV  EBE-TER1CMPLINE DUMMY,LINE 138 KV MIAMI FORT-HEBRON 138 KV,EASTBEND-TERMINAL 345 KV FG,2011-12-01 09:00:00-05:00,2011-12-01 19:00:00-05:00
19007,LINE    138 KV  Monticello-EWinamac 138kV l/o Jefferson-Clifty Creek + Jefferson xfm FG,JEFFERSO765 KV  .  1    CMPTRAFODUMMY   LINE    345 KV  JEF-CLI1CMPLINE DUMMY,LINE 138 KV MONTICELLO-EWINAMAC 138 KV,JEFFERSON-CLIFTY CREEK + JEFFERSON XFM FG,2011-11-28 09:00:00-05:00,2011-11-30 00:00:00-05:00
19015,LINE    345 KV  Clifty Creek-Dearborn 1 345 kV l/o Hanging Rock-Jefferson 765 kV FG,LINE    765 KV  HAN-JEF1CMPLINE DUMMY,LINE 345 KV CLIFTY CREEK-DEARBORN 1 345 KV,HANGING ROCK-JEFFERSON 765 KV FG,2011-11-29 13:00:00-05:00,2011-11-29 13:00:00-05:00
19016,STILLWEL345 KV  Stillwell 345 kV xfmr l/o Stillwell-Dumont 345 kV FG,LINE    345 KV  DUM-STI1CMPLINE DUMMY,STILLWEL345 KV STILLWELL 345 KV XFMR,STILLWELL-DUMONT 345 KV FG,2011-11-28 09:00:00-05:00,2011-11-29 10:00:00-05:00
19034,LINE    138 KV  Monticello-East Winamac 138 kV l/o Schahfer-Burr Oak 345 kV FG,LINE    345 KV  TAN-DEA1CMPLINE DUMMY,LINE 138 KV MONTICELLO-EAST WINAMAC 138 KV,SCHAHFER-BURR OAK 345 KV FG,2011-11-22 13:00:00-05:00,2011-11-22 22:00:00-05:00
19080,LINE    500 KV  Volunteer-Phipps Bend 500 kV l/o Conasauga-Nosteller 500 kV FG,LINE    500 KV  32134A  CMPLINE DUMMY,LINE 500 KV VOLUNTEER-PHIPPS BEND 500 KV,CONASAUGA-NOSTELLER 500 KV FG,2011-11-11 15:00:00-05:00,2011-11-17 22:00:00-05:00
19083,LANESVL 345 KV  Lanesville 345/138 xfmr l/o Lthm-Kncd+Kncd-Pawnee+Pawnee TX+Kincd U2 FG,21 KINCA20 KV   KN-2    CMPGEN  DUMMY   PAWNEE  345 KV  T 131462CMPTRAFODUMMY   LINE    345 KV  2106,LANESVL 345 KV LANESVILLE 345/138 XFMR,LTHM-KNCD+KNCD-PAWNEE+PAWNEE TX+KINCD U2 FG,2011-11-17 13:00:00-05:00,2011-11-17 18:00:00-05:00
19095,LANESVL 345 KV  Lanesville 345/138-kV TX l/o Kincd-Lathm-Blue Mnd+Kincd-Pawnee+Latham TR1 FG,LINE    345 KV  2106    CMPLINE DUMMY   LINE    345 KV  2102 N  CMPLINE DUMMY   LINE    345 KV  2102,LANESVL 345 KV LANESVILLE 345/138-KV TX,KINCD-LATHM-BLUE MND+KINCD-PAWNEE+LATHAM TR1 FG,2011-11-16 18:00:00-05:00,2011-11-16 19:00:00-05:00
19132,LINE    138 KV  Monticello-EWinamac 138kV l/o Jefferson-Clifty Creek + Jefferson xfm FG,LINE    345 KV  JEF-CLI1CMPLINE DUMMY   JEFFERSO765 KV  .  1    CMPTRAFODUMMY,LINE 138 KV MONTICELLO-EWINAMAC 138 KV,JEFFERSON-CLIFTY CREEK + JEFFERSON XFM FG,2011-11-11 12:00:00-05:00,2011-11-11 14:00:00-05:00
19135,LINE    345 KV  Petersburg-Francesc 345kV l/o Rockport-Jefferson 765 kV FG,LINE    765 KV  JEF-ROC1CMPLINE DUMMY,LINE 345 KV PETERSBURG-FRANCESC 345 KV,ROCKPORT-JEFFERSON 765 KV FG,2011-11-11 09:00:00-05:00,2011-11-11 12:00:00-05:00
19140,POWERTON JCT-LILLY 138 KV L/O DUCK CREEK-TAZEWELL 345 KV,LINE    345 KV  33161331CMPLINE DUMMY,POWERTON JCT-LILLY 138 KV,DUCK CREEK-TAZEWELL 345 KV,2010-01-15 23:00:00-05:00,2011-11-10 18:00:00-05:00
19143,MONTICELLO-EAST WINAMAC 138 KV L/O SCHAHFER-BURR OAK 345 KV,LINE    345 KV  BUR-SCH1CMPLINE DUMMY,MONTICELLO-EAST WINAMAC 138 KV,SCHAHFER-BURR OAK 345 KV,2011-03-12 12:00:00-05:00,2011-11-10 17:00:00-05:00
19144,OAK GROVE-GALESBURG 161KV L/O NELSON-ELECTRIC JUNCTION 345KV,LINE    345 KV  15502   CMPLINE DUMMY,OAK GROVE-GALESBURG 161 KV,NELSON-ELECTRIC JUNCTION 345 KV,2010-01-07 03:00:00-05:00,2011-11-10 16:00:00-05:00
19149,PRAIRIE STATE-W MT VERNON 345 KV L/O ST FRANCIS-LUTESVILLE 345 KV,LINE    345 KV  30974317CMPLINE DUMMY,PRAIRIE STATE-W MT VERNON 345 KV,ST FRANCIS-LUTESVILLE 345 KV,2011-10-28 23:00:00-04:00,2011-11-09 17:00:00-05:00
19150,BENTON HARBOR-PALISADES 345 KV L/O COOK-PALISADES 345 KV,LINE    345 KV  DCC-PAL CMPLINE DUMMY,BENTON HARBOR-PALISADES 345 KV,COOK-PALISADES 345 KV,2010-03-26 00:00:00-04:00,2011-11-09 14:00:00-05:00
19165,NEW LONDON-KOKOMO HP 230 KV L/O JEFFERSON-ROCKPORT 765 KV,LINE    765 KV  JEF-ROC1CMPLINE DUMMY,NEW LONDON-KOKOMO HP 230 KV,JEFFERSON-ROCKPORT 765 KV,2011-11-08 06:00:00-05:00,2011-11-08 07:00:00-05:00
19172,CUMBERLAND-BUSH 138 KV L/O WESTWOOD-CONCORD-SOUTHEAST 138 KV,LINE    138 KV  CON-LAF1CMPLINE DUMMY   LINE    138 KV  LAF-CON1CMPLINE DUMMY   LINE    138 KV  WES-,CUMBERLAND-BUSH 138 KV,WESTWOOD-CONCORD-SOUTHEAST 138 KV,2010-05-13 10:00:00-04:00,2011-11-06 12:00:00-05:00
19178,BROKAW-GIBSON (CORNBELT) 138 KV L/O PONTIAC-BLUE MOUND 345 KV,LINE    345 KV  8002    CMPLINE DUMMY,BROKAW-GIBSON (CORNBELT) 138 KV,PONTIAC-BLUE MOUND 345 KV,2011-10-30 10:00:00-04:00,2011-11-05 19:00:00-04:00
19182,BROKAW-GIBSON (CORNBELT) 138 KV L/O 2102 LINE+KINCAID-PAWNEE 345+LATHAM TR1,LATHAM  345 KV  45TR1   CMPTRAFODUMMY   LINE    345 KV  2102 1  CMPLINE DUMMY   LINE    345 KV  2102,BROKAW-GIBSON (CORNBELT) 138 KV,2102 LINE+KINCAID-PAWNEE 345+LATHAM TR1,2011-10-24 21:00:00-04:00,2011-11-04 21:00:00-04:00
19189,PRAIRIE STATE-W MT VERNON 345 KV L/O COFFEEN-ROXFORD 345 KV,LINE    345 KV  30395322CMPLINE DUMMY,PRAIRIE STATE-W MT VERNON 345 KV,COFFEEN-ROXFORD 345 KV,2011-04-18 02:00:00-04:00,2011-11-04 13:00:00-04:00
19194,WHITESTOWN-GUION 345 L/O FALL CREEK 345/138-KV TX,FALLCREE345 KV  .  1    CMPTRAFODUMMY,WHITESTOWN-GUION 345,FALL CREEK 345/138-KV TX,2010-11-03 08:00:00-04:00,2011-11-04 07:00:00-04:00
19198,STILLWELL 345/138 KV L/O SCHAHFER-BURR OAK 345 KV,LINE    345 KV  BUR-SCH1CMPLINE DUMMY,STILLWELL 345/138 KV,SCHAHFER-BURR OAK 345 KV,2011-10-27 10:00:00-04:00,2011-11-03 16:00:00-04:00
19209,Stillwell 345/138 kv l/o Schaffer-Burr Oak 345,Schahfer-Burr Oak 345,STILLWELL 345/138 KV,SCHAFFER-BURR OAK 345,2011-10-29 00:00:00-04:00,2011-11-02 21:00:00-04:00
19221,NUCOR-WHITESTOWN 345 KV L/O ROCKPORT-JEFFERSON 765 KV,LINE    765 KV  JEF-ROC1CMPLINE DUMMY,NUCOR-WHITESTOWN 345 KV,ROCKPORT-JEFFERSON 765 KV,2010-07-23 13:00:00-04:00,2011-11-01 09:00:00-04:00
19222,BREED-WHEATLAND 345 L/O JEFFERSON-ROCKPORT 765 KV,LINE    765 KV  JEF-ROC1CMPLINE DUMMY,BREED-WHEATLAND 345,JEFFERSON-ROCKPORT 765 KV,2010-04-02 07:00:00-04:00,2011-11-01 06:00:00-04:00
19223,ST JOHN-LIBERTY PARK 138 KV L/O ST JOHN-GREEN ACRES 138 KV,LINE    138 KV  GRE-STJ2CMPLINE DUMMY,ST JOHN-LIBERTY PARK 138 KV,ST JOHN-GREEN ACRES 138 KV,2011-10-11 09:00:00-04:00,2011-11-01 05:00:00-04:00
19224,ST JOHN 345/138 KV L/O WILTON CENTER TR93,112 WILT34.5 KV TR93CT-TCMPTRAFODUMMY   112 WILT345 KV  TR93CT-SCMPTRAFODUMMY   112 WILT765 KV  TR93,ST JOHN 345/138 KV,WILTON CENTER TR93,2011-10-30 00:00:00-04:00,2011-11-01 04:00:00-04:00
19225,St John 345/138 kv l/o Dumont Wilton Center,Dumont-Wilton Center 765kV,ST JOHN 345/138 KV,DUMONT WILTON CENTER,2011-10-12 00:00:00-04:00,2011-10-31 23:00:00-04:00
19236,BROKAW-GIBSON (CORNBELT) 138 KV L/O KINCAID-LATHAM-BLUEMOUND 345+LATHAM 345/138,LATHAM  345 KV  45TR1   CMPTRAFODUMMY   LINE    345 KV  2102 1  CMPLINE DUMMY   LINE    345 KV  2102,BROKAW-GIBSON (CORNBELT) 138 KV,KINCAID-LATHAM-BLUEMOUND 345+LATHAM 345/138,2011-10-17 13:00:00-04:00,2011-10-30 00:00:00-04:00
19248,CLIFTY CREEK-DEARBORN 1 345 KV L/O HANGING ROCK-JEFFERSON 765 KV,LINE    765 KV  HAN-JEF1CMPLINE DUMMY,CLIFTY CREEK-DEARBORN 1 345 KV,HANGING ROCK-JEFFERSON 765 KV,2011-10-28 15:00:00-04:00,2011-10-28 16:00:00-04:00
19269,ST JOHN 345/138 KV L/O WILTON CENTER-DUMONT 765,LINE    765 KV  DUM-WIL1CMPLINE DUMMY,ST JOHN 345/138 KV,WILTON CENTER-DUMONT 765,2011-10-10 22:00:00-04:00,2011-10-24 00:00:00-04:00
19270,LAKEVIEW-ZION 138KV L/O ZION-ARCADIAN 345KV,LINE    345 KV  2222    CMPLINE DUMMY,LAKEVIEW-ZION 138 KV,ZION-ARCADIAN 345 KV,2011-03-07 10:00:00-05:00,2011-10-23 18:00:00-04:00
19273,LAKEVIEW-282 ZION 138 KV L/O ZION-PLEASANT PRAIRIE 345 KV,LINE    345 KV  2221    CMPLINE DUMMY,LAKEVIEW-282 ZION 138 KV,ZION-PLEASANT PRAIRIE 345 KV,2011-01-24 13:00:00-05:00,2011-10-22 12:00:00-04:00
19308,SUB 56 (DAVNPRT)-E CALAMUS 161 KV L/O QUAD CITY-ROCK CREEK 345 KV,LINE    345 KV  0405    CMPLINE DUMMY,SUB 56 (DAVNPRT)-E CALAMUS 161 KV,QUAD CITY-ROCK CREEK 345 KV,2011-10-03 11:00:00-04:00,2011-10-15 11:00:00-04:00
19311,St John -Liberty Park 138kv l/o St John -Green Acres 138kv,BASE,ST JOHN -LIBERTY PARK 138 KV,ST JOHN -GREEN ACRES 138 KV,2011-10-13 00:00:00-04:00,2011-10-14 23:00:00-04:00
19312,BUNSONVILLE-EUGENE 345 KV L/O CASEY-BREED 345 KV,LINE    345 KV  BRE-WCA1CMPLINE DUMMY,BUNSONVILLE-EUGENE 345 KV,CASEY-BREED 345 KV,2010-03-02 06:00:00-05:00,2011-10-14 18:00:00-04:00
19314,TRIMBLE CO-CLIFTY CREEK 345 KV L/O ROCKPORT-JEFFERSON 765 KV,LINE    765 KV  JEF-ROC1CMPLINE DUMMY,TRIMBLE CO-CLIFTY CREEK 345 KV,ROCKPORT-JEFFERSON 765 KV,2011-07-06 06:00:00-04:00,2011-10-14 15:00:00-04:00
19320,STATE LINE-WOLF LAKE 138 L/O BURNHAM-SHEFFIELD 345 KV,LINE    345 KV  BUR-SHE1CMPLINE DUMMY,STATE LINE-WOLF LAKE 138,BURNHAM-SHEFFIELD 345 KV,2010-12-22 00:00:00-05:00,2011-10-13 19:00:00-04:00
19346,RANTOUL-RANTOUL JCT 138 KV L/O N CHAMPAIGN-MAHOMET-RISING 138,CHAMP T3138 KV  1 03   1DIS     OPEN    CHAMP T3138 KV  1 032396DIS     OPEN    CHAMP T3138 KV  DUM0,RANTOUL-RANTOUL JCT 138 KV,N CHAMPAIGN-MAHOMET-RISING 138,2011-04-26 05:00:00-04:00,2011-10-10 00:00:00-04:00
19348,Sheffield-Marktown 138 kV l/o Sheffield -Amoco 138 kv,Clinton-Brokaw+Rising-LeverettRd-Mahomet,SHEFFIELD-MARKTOWN 138 KV,SHEFFIELD -AMOCO 138 KV,2011-09-30 19:00:00-04:00,2011-10-09 08:00:00-04:00
19350,St John 345/128 kv l/o Green Acres-St John 345 KV,Green Acres-St John 345 kV,ST JOHN 345/128 KV,GREEN ACRES-ST JOHN 345 KV,2011-10-06 00:00:00-04:00,2011-10-07 18:00:00-04:00
19352,ST JOHN 345/138 KV L/O GREEN ACRES-ST JOHN 345 KV,LINE    345 KV  GRE-STJ1CMPLINE DUMMY,ST JOHN 345/138 KV,GREEN ACRES-ST JOHN 345 KV,2011-09-30 00:00:00-04:00,2011-10-07 11:00:00-04:00
19355,St John 345/128 kv l/o Green Acres-St John 345 KV,GREEN ACRES - ST JOHNS 345 KV LINE (NIPS),ST JOHN 345/128 KV,GREEN ACRES-ST JOHN 345 KV,2011-10-02 00:00:00-04:00,2011-10-05 23:00:00-04:00
19361,BURR OAK 345/138 KV XFMR L/O BURR OAK-LEESBURG 345 KV,LINE    345 KV  BUR-LEE1CMPLINE DUMMY,BURR OAK 345/138 KV XFMR,BURR OAK-LEESBURG 345 KV,2010-03-02 06:00:00-05:00,2011-10-03 09:00:00-04:00
19379,BROKAW-GIBSON (CORNBELT) 138 KV L/O CLINTON-OREANA-GOOSECRK 345 KV,LINE    345 KV  4545    CMPLINE DUMMY   LINE    345 KV  4545   2CMPLINE DUMMY   LINE    345 KV  GOO-,BROKAW-GIBSON (CORNBELT) 138 KV,CLINTON-OREANA-GOOSECRK 345 KV,2011-07-24 10:00:00-04:00,2011-09-29 21:00:00-04:00
19393,RISING 345/138-KV TX1 L/O CLINTON-BROKAW 345 KV,LINE    345 KV  4535    CMPLINE DUMMY   BROKAW  345 KV  45TR2   CMPTRAFODUMMY   LINE    138 KV  1562,RISING 345/138-KV TX1,CLINTON-BROKAW 345 KV,2011-09-19 10:00:00-04:00,2011-09-29 13:00:00-04:00
19400,STATE LINE-WOLF LAKE 138 L/O WILTON CENTER-DUMONT 765 KV,LINE    765 KV  DUM-WIL1CMPLINE DUMMY,STATE LINE-WOLF LAKE 138,WILTON CENTER-DUMONT 765 KV,2010-09-15 10:00:00-04:00,2011-09-28 20:00:00-04:00
19413,STATE LINE-WOLF LAKE 138 KV L/O GARY AVE 345/138 KV,GARYAVE 345 KV  A       CMPTRAFODUMMY,STATE LINE-WOLF LAKE 138 KV,GARY AVE 345/138 KV,2011-09-28 12:00:00-04:00,2011-09-28 12:00:00-04:00
19510,KENOSHA-LAKEVIEW 138 L/O PLEASANT PRAIRIE-ZION 345 KV,LINE    345 KV  2221    CMPLINE DUMMY,KENOSHA-LAKEVIEW 138,PLEASANT PRAIRIE-ZION 345 KV,2010-04-30 21:00:00-04:00,2011-09-13 19:00:00-04:00
19570,STATE LINE-WOLF LAKE 138 L/O BURNHAM-MUNSTER 345,LINE    345 KV  BUR-MUN1CMPLINE DUMMY,STATE LINE-WOLF LAKE 138,BURNHAM-MUNSTER 345,2011-09-03 09:00:00-04:00,2011-09-04 02:00:00-04:00
19577,Dune Acres-Michigan City 1 l/o Dune Acres-Michigan City 2 &Babcock-Stillwell,Wilton Center-Dumont 765kV + Sheffield-Gary Ave 34,DUNE ACRES-MICHIGAN CITY 1,DUNE ACRES-MICHIGAN CITY 2 &BABCOCK-STILLWELL,2011-09-03 10:00:00-04:00,2011-09-03 15:00:00-04:00
19578,Michigan City - Laporte 138 kV l/o Babcock-Stillwell 345 kV & XF #1,BABCOCK - STILLWELL 345 KV LINE & XF #1 (NIPS),MICHIGAN CITY - LAPORTE 138 KV,BABCOCK-STILLWELL 345 KV & XF #1,2011-04-14 00:00:00-04:00,2011-09-03 11:00:00-04:00
19582,LANESVILLE 345/138-KV TX L/O PAWNEE-KINCAID-LATHAM-PONTIAC 345 KV,LATHAM  345 KV  45TR1   CMPTRAFODUMMY   LINE    345 KV  2102 1  CMPLINE DUMMY   LINE    345 KV  2102,LANESVILLE 345/138-KV TX,PAWNEE-KINCAID-LATHAM-PONTIAC 345 KV,2010-02-20 18:00:00-05:00,2011-09-02 18:00:00-04:00
19601,SHEFFIELD-MARKTOWN 138 KV L/O SHEFFIELD-AMOCO 138 KV,LINE    138 KV  SHE-AMO1CMPLINE DUMMY,SHEFFIELD-MARKTOWN 138 KV,SHEFFIELD-AMOCO 138 KV,2011-08-05 02:00:00-04:00,2011-08-28 12:00:00-04:00
19620,STILLWELL 345/138 KV L/O STILLWELL-DUMONT 345 KV+SCHAHFER-BURR OAK 345 KV,LINE    345 KV  BUR-SCH1CMPLINE DUMMY   LINE    345 KV  DUM-STI1CMPLINE DUMMY,STILLWELL 345/138 KV,STILLWELL-DUMONT 345 KV+SCHAHFER-BURR OAK 345 KV,2011-08-25 09:00:00-04:00,2011-08-25 10:00:00-04:00
19623,TODD HUNTER-TRENTON 138 KV L/O TANNERS CREEK 345/138 KV AB,TANNERSC345 KV  . AB    CMPTRAFODUMMY,TODD HUNTER-TRENTON 138 KV,TANNERS CREEK 345/138 KV AB,2011-08-24 16:00:00-04:00,2011-08-24 18:00:00-04:00
19691,PIERCE-FOSTER 345 KV L/O EAST BEND-TERMINAL 345 KV,LINE    345 KV  EBE-TER1CMPLINE DUMMY,PIERCE-FOSTER 345 KV,EAST BEND-TERMINAL 345 KV,2011-01-24 07:00:00-05:00,2011-08-08 13:00:00-04:00
19714,BROKAW-STATE FARM 138 KV L/O S BLOOMINGTON-BROKAW 138 KV,LINE    138 KV  1562    CMPLINE DUMMY   LINE    138 KV  1562   1CMPLINE DUMMY,BROKAW-STATE FARM 138 KV,S BLOOMINGTON-BROKAW 138 KV,2011-08-01 14:00:00-04:00,2011-08-01 19:00:00-04:00
19733,OAKGROVE-GALESBURG 161 KV L/O STERLING STEEL-NELSON 345 KV,LINE    345 KV  15504   CMPLINE DUMMY,OAKGROVE-GALESBURG 161 KV,STERLING STEEL-NELSON 345 KV,2011-05-16 05:00:00-04:00,2011-07-28 18:00:00-04:00
19734,W LAFAYETTE-CUMBERLAND 138 KV L/O WESTWOOD-TIPPECANOE LABS 138 KV,LINE    138 KV  WES-TIP1CMPLINE DUMMY,W LAFAYETTE-CUMBERLAND 138 KV,WESTWOOD-TIPPECANOE LABS 138 KV,2011-07-11 11:00:00-04:00,2011-07-28 16:00:00-04:00
19763,ROXANA-PRAXAIR 138 KV L/O ROXANA-MITCHELL YARD 138 KV,LINE    138 KV  17R-MIT1CMPLINE DUMMY,ROXANA-PRAXAIR 138 KV,ROXANA-MITCHELL YARD 138 KV,2011-03-31 17:00:00-04:00,2011-07-24 11:00:00-04:00
19765,POWERTON(1352)-LILLY 138 KV L/O KEWANEE-TOULON 138 KV,LINE    138 KV  7421    CMPLINE DUMMY,POWERTON(1352)-LILLY 138 KV,KEWANEE-TOULON 138 KV,2010-06-21 22:00:00-04:00,2011-07-24 09:00:00-04:00
19777,RISING 345/138-KV TX1 L/O CLINTON-BROKAW 345 KV,LINE    345 KV  4535    CMPLINE DUMMY,RISING 345/138-KV TX1,CLINTON-BROKAW 345 KV,2010-02-20 08:00:00-05:00,2011-07-23 13:00:00-04:00
19791,PLEASANT PRAIRIE-ZION 345 KV L/O ZION-ARCADIAN 345 KV,LINE    345 KV  2222    CMPLINE DUMMY,PLEASANT PRAIRIE-ZION 345 KV,ZION-ARCADIAN 345 KV,2010-01-21 03:00:00-05:00,2011-07-22 11:00:00-04:00
19794,ARCADIAN-ZION 345 KV L/O PLEASANT PRAIRIE-ZION 345 KV,LINE    345 KV  2221    CMPLINE DUMMY,ARCADIAN-ZION 345 KV,PLEASANT PRAIRIE-ZION 345 KV,2011-07-11 20:00:00-04:00,2011-07-22 01:00:00-04:00
19801,MONTICELLO-EAST WINAMAC 138 KV L/O ROCKPORT-JEFFERSON 765 KV,LINE    765 KV  JEF-ROC1CMPLINE DUMMY,MONTICELLO-EAST WINAMAC 138 KV,ROCKPORT-JEFFERSON 765 KV,2011-07-21 10:00:00-04:00,2011-07-21 14:00:00-04:00
19842,BABCOCK-STILLWELL 345 KV L/O WILTON CENTER-DUMONT 765 KV,LINE    765 KV  DUM-WIL1CMPLINE DUMMY,BABCOCK-STILLWELL 345 KV,WILTON CENTER-DUMONT 765 KV,2011-03-01 10:00:00-05:00,2011-07-14 07:00:00-04:00
19939,LANESVILLE 345/138-KV XFMR L/O LANESVILLE-BROKAW-PONTIAC 345 KV,LINE    345 KV  8001 1  CMPLINE DUMMY   LINE    345 KV  8001 3  CMPLINE DUMMY   LINE    345 KV  8001,LANESVILLE 345/138-KV XFMR,LANESVILLE-BROKAW-PONTIAC 345 KV,2011-06-17 15:00:00-04:00,2011-06-18 16:00:00-04:00
19945,Crete - St Johns Tap 345 kV l/o Lake George-Munster 345 kV & XF #2,LAKE GEORGE - MUNSTER 345 KV LINE  & XF #2 (NIPS),CRETE - ST JOHNS TAP 345 KV,LAKE GEORGE-MUNSTER 345 KV & XF #2,2011-04-11 08:00:00-04:00,2011-06-17 16:00:00-04:00
19950,RISING XFMR L/O CLTN-BRKW+BRKW T2+KNCD-LATHM-BLUEMND+LATHM TR1,BROKAW  345 KV  45TR2   CMPTRAFODUMMY   LATHAM  345 KV  45TR1   CMPTRAFODUMMY   LINE    138 KV  1562,RISING XFMR,CLTN-BRKW+BRKW T2+KNCD-LATHM-BLUEMND+LATHM TR1,2011-06-14 09:00:00-04:00,2011-06-14 10:00:00-04:00
19995,LEESBURG-NORTHEAST 138 KV L/O LEESBURG-HIPLE 345 KV,LINE    345 KV  HIP-LEE1CMPLINE DUMMY,LEESBURG-NORTHEAST 138 KV,LEESBURG-HIPLE 345 KV,2011-06-08 05:00:00-04:00,2011-06-08 07:00:00-04:00
20029,Stillwell-Dumont 345kV l/o Wilton Center-Dumont 765kV,Dumont-Wilton Center 765kV,STILLWELL-DUMONT 345 KV,WILTON CENTER-DUMONT 765 KV,2010-06-12 00:00:00-04:00,2011-06-01 06:00:00-04:00
20034,PARIS-ALBERS 138 KV L/O PLEASANT PRAIRIE-RACINE 345 KV,LINE    345 KV  38850394CMPLINE DUMMY,PARIS-ALBERS 138 KV,PLEASANT PRAIRIE-RACINE 345 KV,2011-05-31 14:00:00-04:00,2011-05-31 15:00:00-04:00
20036,STILLWELL-DUMONT 345KV L/O WILTON CENTER-DUMONT 765KV,LINE    765 KV  DUM-WIL1CMPLINE DUMMY,STILLWELL-DUMONT 345 KV,WILTON CENTER-DUMONT 765 KV,2010-05-16 02:00:00-04:00,2011-05-31 00:00:00-04:00
20062,TOMPKINS-MAJESTIC 345 KV L/O ONEIDA-MAJESTIC 345 KV,LINE    345 KV  MAJ-ONE CMPLINE DUMMY,TOMPKINS-MAJESTIC 345 KV,ONEIDA-MAJESTIC 345 KV,2011-05-26 13:00:00-04:00,2011-05-26 13:00:00-04:00
20077,Rantoul-Rantoul Jct 138 kV l/o Clinton-Brokaw+Brokaw T2,Clinton-Brokaw+Brokaw T2,RANTOUL-RANTOUL JCT 138 KV,CLINTON-BROKAW+BROKAW T2,2011-05-13 00:00:00-04:00,2011-05-22 23:00:00-04:00
20083,RANTOUL-RANTOUL JCT 138 KV L/O WILTON CENTER-DUMONT 765 KV,LINE    765 KV  DUM-WIL1CMPLINE DUMMY,RANTOUL-RANTOUL JCT 138 KV,WILTON CENTER-DUMONT 765 KV,2011-02-23 00:00:00-05:00,2011-05-19 07:00:00-04:00
20086,DUNE ACRES-MICHIGAN CITY 2 138 KV L/O WILTON CENTER-DUMONT 765 KV,LINE    765 KV  DUM-WIL1CMPLINE DUMMY,DUNE ACRES-MICHIGAN CITY 2 138 KV,WILTON CENTER-DUMONT 765 KV,2011-05-17 07:00:00-04:00,2011-05-18 06:00:00-04:00
20087,RANTOUL-RANTOUL JCT 138 KV L/O CLINTON-BROKAW+RISING-LEVERETTRD-MAHOMET,BROKAW  345 KV  45TR2   CMPTRAFODUMMY   LINE    138 KV  1562    CMPLINE DUMMY   LINE    138 KV  1592,RANTOUL-RANTOUL JCT 138 KV,CLINTON-BROKAW+RISING-LEVERETTRD-MAHOMET,2011-05-17 10:00:00-04:00,2011-05-17 10:00:00-04:00
20095,Dune Acres-Michigan City 1 l/o Dune Acres-Michigan City 2 &Babcock-Stillwell,Dune Acres-Michican City 2 & Babcock Stillwell,DUNE ACRES-MICHIGAN CITY 1,DUNE ACRES-MICHIGAN CITY 2 &BABCOCK-STILLWELL,2011-04-15 07:00:00-04:00,2011-05-15 22:00:00-04:00
20102,RANTOUL-RANTOUL JCT 138 KV L/O CLINTON-BROKAW+BROKAW T2,BROKAW  345 KV  45TR2   CMPTRAFODUMMY   LINE    138 KV  1562    CMPLINE DUMMY   LINE    345 KV  4535,RANTOUL-RANTOUL JCT 138 KV,CLINTON-BROKAW+BROKAW T2,2011-05-12 02:00:00-04:00,2011-05-13 08:00:00-04:00
20111,NEW CARLISLE-TRAIL CREEK 138 KV L/O DUMONT-STILLWELL 345 KV,LINE    345 KV  DUM-STI1CMPLINE DUMMY,NEW CARLISLE-TRAIL CREEK 138 KV,DUMONT-STILLWELL 345 KV,2011-05-11 14:00:00-04:00,2011-05-11 17:00:00-04:00
20119,COOK-PALISADES 345 KV L/O BENTON HARBOR-PALISADES 345 KV,LINE    345 KV  BEN-PAL1CMPLINE DUMMY,COOK-PALISADES 345 KV,BENTON HARBOR-PALISADES 345 KV,2010-06-16 01:00:00-04:00,2011-05-10 05:00:00-04:00
20124,Rantoul Jct-Sidney 138 KV l/o Rising-N Champaign-Mahomet 138 kV,Rising-N Champaign-Mahomet 138 kV,RANTOUL JCT-SIDNEY 138 KV,RISING-N CHAMPAIGN-MAHOMET 138 KV,2011-04-12 00:00:00-04:00,2011-05-09 02:00:00-04:00
20126,STATE LINE-ROXANNA 138 KV L/O WILTON CENTER-DUMONT 765 KV,LINE    765 KV  DUM-WIL1CMPLINE DUMMY,STATE LINE-ROXANNA 138 KV,WILTON CENTER-DUMONT 765 KV,2010-07-27 02:00:00-04:00,2011-05-07 08:00:00-04:00
20140,SIDNEY-BUNSONVILLE 345 KV L/O CASEY-BREED 345 KV,LINE    345 KV  BRE-WCA1CMPLINE DUMMY,SIDNEY-BUNSONVILLE 345 KV,CASEY-BREED 345 KV,2011-04-30 07:00:00-04:00,2011-05-03 17:00:00-04:00
20216,DUNE ACRES-MICHIGAN CITY 138 KV L/O BABCOCK-STILLWELL 345 KV,LINE    345 KV  BAB-STI1CMPLINE DUMMY,DUNE ACRES-MICHIGAN CITY 138 KV,BABCOCK-STILLWELL 345 KV,2011-04-14 08:00:00-04:00,2011-04-15 18:00:00-04:00
20217,RANTOUL JCT-SIDNEY 138 KV L/O RISING-N CHAMPAIGN-MAHOMET 138 KV,LINE    138 KV  1592    CMPLINE DUMMY   LINE    138 KV  1592   2CMPLINE DUMMY   LINE    138 KV  3239,RANTOUL JCT-SIDNEY 138 KV,RISING-N CHAMPAIGN-MAHOMET 138 KV,2011-04-07 13:00:00-04:00,2011-04-15 18:00:00-04:00
20220,DUNE ACRES-MICHIGAN CITY 1 L/O DUNCE ACRES-MICHIGAN CITY 2&BABCOCK-STILLWELL,LINE    345 KV  BAB-STI1CMPLINE DUMMY   LINE    138 KV  DUN-MIC2CMPLINE DUMMY,DUNE ACRES-MICHIGAN CITY 1,DUNCE ACRES-MICHIGAN CITY 2&BABCOCK-STILLWELL,2011-04-13 08:00:00-04:00,2011-04-15 07:00:00-04:00
20221,RISING 345/138 KV TR1 L/O DRESDEN-PONTIAC 345 KV,LINE    345 KV  8014    CMPLINE DUMMY,RISING 345/138 KV TR1,DRESDEN-PONTIAC 345 KV,2011-04-06 10:00:00-04:00,2011-04-14 14:00:00-04:00
20228,Miami Fort 345/138-kV TX9 l/o Dearborn-Tanners Creek 345 kV,Dearborn-Tanners Creek 345 kV ckt 1,MIAMI FORT 345/138-KV TX9,DEARBORN-TANNERS CREEK 345 KV,2011-04-07 00:00:00-04:00,2011-04-12 23:00:00-04:00
20233,DUNE ACRES-MICHIGAN CITY 2 138 KV L/O DUNE ACRES-MICHIGAN CITY 1 138 K,LINE    345 KV  DUN-MIC1CMPLINE DUMMY,DUNE ACRES-MICHIGAN CITY 2 138 KV,DUNE ACRES-MICHIGAN CITY 1 138 K,2010-12-17 03:00:00-05:00,2011-04-12 07:00:00-04:00
20252,MIAMI FORT 345/138-KV TX9 L/O DEARBORN-TANNERS CREEK 345 KV,LINE    345 KV  TAN-DEA1CMPLINE DUMMY,MIAMI FORT 345/138-KV TX9,DEARBORN-TANNERS CREEK 345 KV,2011-04-04 15:00:00-04:00,2011-04-06 07:00:00-04:00
20267,ROXANA-PRAXAIR 1 138 KV L/O MARKTOWN-INLAND STEEL 7 138 KV,LINE    138 KV  17M-INL2CMPLINE DUMMY,ROXANA-PRAXAIR 1 138 KV,MARKTOWN-INLAND STEEL 7 138 KV,2010-09-22 14:00:00-04:00,2011-04-04 11:00:00-04:00
20302,Lakeview-282 Zion 138 kV l/o Zion-Arcadian,Zion-Arcadian (2222) 345 Line,LAKEVIEW-282 ZION 138 KV,ZION-ARCADIAN,2011-03-16 00:00:00-04:00,2011-03-25 20:00:00-04:00
20322,Crete - St Johns Tap 345 kV l/o Wilton Ctr TR94,112 WILTON TR94,CRETE - ST JOHNS TAP 345 KV,WILTON CTR TR94,2011-03-13 00:00:00-05:00,2011-03-15 23:00:00-04:00
20333,VOLUNTEER-PHIPPS BEND 500 KV L/O CONASAUGA-NOSTELLER 500 KV,LINE    500 KV  32134A  CMPLINE DUMMY,VOLUNTEER-PHIPPS BEND 500 KV,CONASAUGA-NOSTELLER 500 KV,2011-03-12 07:00:00-05:00,2011-03-12 08:00:00-05:00
20340,DUNE ACRES-MICHIGAN CITY 1 138 KV L/O WILTON CENTER-DUMONT 765 KV,LINE    765 KV  DUM-WIL1CMPLINE DUMMY,DUNE ACRES-MICHIGAN CITY 1 138 KV,WILTON CENTER-DUMONT 765 KV,2011-03-11 15:00:00-05:00,2011-03-11 18:00:00-05:00
20354,Lanesvl Tx1 l/o Kincaid-Pawnee 345 kV Line,345L2106 Kincaid-Pawnee 345 kV Line,LANESVL TX1,KINCAID-PAWNEE 345 KV LINE,2011-03-09 08:00:00-05:00,2011-03-09 21:00:00-05:00
20358,EDWARDS-KEWANEE 138 KV L/O POWERTON-GOODINGS GROVE 345 KV+POWERTON BT4,116 GOOD345 KV  L0303 CBCB      OPEN    3 POWERT345 KV  BT4-8 CBCB      OPEN    3 POWERT345 KV  BT8-,EDWARDS-KEWANEE 138 KV,POWERTON-GOODINGS GROVE 345 KV+POWERTON BT4,2011-03-08 05:00:00-05:00,2011-03-08 21:00:00-05:00
20381,ROXANA-PRAXAIR 1 138 KV L/O WILTON CENTER-DUMONT 765 KV,LINE    765 KV  DUM-WIL1CMPLINE DUMMY,ROXANA-PRAXAIR 1 138 KV,WILTON CENTER-DUMONT 765 KV,2010-08-23 04:00:00-04:00,2011-03-01 10:00:00-05:00
20387,Rantoul-Rantoul Jct 138 kV l/o Wilton Center-Dumont 765 kV,Dumont-Wilton Center 765kV,RANTOUL-RANTOUL JCT 138 KV,WILTON CENTER-DUMONT 765 KV,2011-02-24 00:00:00-05:00,2011-02-25 12:00:00-05:00
20402,Benton Harbor-Palisades 345 kV l/o Cook-Palisades 345 kV,COOK PALISADE 345KV LINE,BENTON HARBOR-PALISADES 345 KV,COOK-PALISADES 345 KV,2011-01-26 00:00:00-05:00,2011-02-21 05:00:00-05:00
20446,PLEASANT PRAIRIE-ZION 345 (2221) L/O CHERRY VALLEY-SILVER LAKE,LINE    345 KV  15616   CMPLINE DUMMY,PLEASANT PRAIRIE-ZION 345 (2221),CHERRY VALLEY-SILVER LAKE,2010-01-21 02:00:00-05:00,2011-02-09 06:00:00-05:00
20544,Goose Creek-Rising 345 kV l/o Loretto Wind Farm - Wilton Center 345 kV,Loretto-Wilton Center 345 kV,GOOSE CREEK-RISING 345 KV,LORETTO WIND FARM - WILTON CENTER 345 KV,2010-11-23 07:00:00-05:00,2011-01-06 16:00:00-05:00
20556,STATE LINE-ROXANA 138 KV L/O SHEFFIELD-GARY AVE 345 KV+SHEFFIELD 345/138 KV,SHEFFILD345 KV  1       CMPTRAFODUMMY   LINE    345 KV  GAR-SHE CMPLINE DUMMY,STATE LINE-ROXANA 138 KV,SHEFFIELD-GARY AVE 345 KV+SHEFFIELD 345/138 KV,2010-12-18 01:00:00-05:00,2010-12-29 12:00:00-05:00
20575,TILTONS2  138kV TIL-WIN l/o SAM-WYL,SAMMIS - WYLIERID 345 KV (APS),TILTONS2 138 KV TIL-WIN,SAM-WYL,2010-12-09 00:00:00-05:00,2010-12-22 07:00:00-05:00
20581,PAXTON-SIDNEY 138 KV L/O LORETTO-WILTON CENTER 345 KV,LINE    345 KV  11212   CMPLINE DUMMY,PAXTON-SIDNEY 138 KV,LORETTO-WILTON CENTER 345 KV,2010-12-10 15:00:00-05:00,2010-12-21 16:00:00-05:00
20588,GOOSE CREEK-RISING 345 KV L/O LORETTO WIND FARM - WILTON CENTER 345 KV,LINE    345 KV  11212   CMPLINE DUMMY,GOOSE CREEK-RISING 345 KV,LORETTO WIND FARM - WILTON CENTER 345 KV,2010-10-28 06:00:00-04:00,2010-12-21 01:00:00-05:00
20677,DUNE ACRES-MICHIGAN CITY 2 138 KV L/O DUNE ACRES-MICHIGAN CITY 1 138 KV,LINE    345 KV  DUN-MIC1CMPLINE DUMMY,DUNE ACRES-MICHIGAN CITY 2 138 KV,DUNE ACRES-MICHIGAN CITY 1 138 KV,2010-11-10 07:00:00-05:00,2010-12-14 04:00:00-05:00
20693,COFFEEN NORTH-RAMSEY 345 KV L/O PRAIRE STATE-WMT VERNON 345 KV+WMT. VE,MT VRNO3345 KV  T 132328CMPTRAFODUMMY   LINE    345 KV  32274323CMPLINE DUMMY,COFFEEN NORTH-RAMSEY 345 KV,PRAIRE STATE-WMT VERNON 345 KV+WMT. VE,2010-10-16 09:00:00-04:00,2010-12-11 04:00:00-05:00
20737,COFFEEN NORTH-RAMSEY 345 KV L/O KINCAID-PANA-COFFEEN + SPS,LINE    345 KV  COFY-PANCMPLINE DUMMY   LINE    345 KV  2105    CMPLINE DUMMY,COFFEEN NORTH-RAMSEY 345 KV,KINCAID-PANA-COFFEEN + SPS,2010-10-19 06:00:00-04:00,2010-11-30 00:00:00-05:00
20744,Coffeen North-Ramsey 345 kV l/o Praire State-WMt Vernon 345 kV+WMt. Ve,Prairie State-W Mt. Vernon + TR4,COFFEEN NORTH-RAMSEY 345 KV,PRAIRE STATE-WMT VERNON 345 KV+WMT. VE,2010-11-25 00:00:00-05:00,2010-11-27 06:00:00-05:00
20745,Benton Harbor-Palisades 345 kV l/o Twin Branch-Argenta,TWINBRANCH ARGENTA 345KV LINE,BENTON HARBOR-PALISADES 345 KV,TWIN BRANCH-ARGENTA,2010-11-23 01:00:00-05:00,2010-11-24 05:00:00-05:00
20746,RISING 345/138 KV TR1 L/O KINCAID-LATHAM-BLUE MOUND 345 KV,LINE    345 KV  2102 1  CMPLINE DUMMY   LINE    345 KV  2102 N  CMPLINE DUMMY   LINE    345 KV  2102,RISING 345/138 KV TR1,KINCAID-LATHAM-BLUE MOUND 345 KV,2010-11-23 11:00:00-05:00,2010-11-23 15:00:00-05:00
20748,Rising 45TR1 l/o Clinton-Brokaw 345kV,BASE,RISING 45TR1,CLINTON-BROKAW 345 KV,2010-01-10 13:00:00-05:00,2010-11-23 06:00:00-05:00
20751,BENTON HARBOR-PALISADES 345 KV L/O TWIN BRANCH-ARGENTA 345 KV,LINE    345 KV  ANG-DUM CMPLINE DUMMY,BENTON HARBOR-PALISADES 345 KV,TWIN BRANCH-ARGENTA 345 KV,2010-09-24 09:00:00-04:00,2010-11-22 00:00:00-05:00
20828,STATE LINE-ROXANA 138 KV L/O SHEFFIELD 345/138-KV XFMR,SHEFFILD345 KV  1       CMPTRAFODUMMY,STATE LINE-ROXANA 138 KV,SHEFFIELD 345/138-KV XFMR,2010-02-10 04:00:00-05:00,2010-11-06 05:00:00-04:00
20852,Crete - St Johns Tap 345 kV l/o 6608 line,345L6608 E Frankfort-UP North 345 kV Line,CRETE - ST JOHNS TAP 345 KV,6608 LINE,2010-10-29 08:00:00-04:00,2010-10-29 15:00:00-04:00
20871,RISING 345/138 KV XFMR 1 L/O WILTON CENTER-DUMONT 765 KV,LINE    765 KV  DUM-WIL1CMPLINE DUMMY,RISING 345/138 KV XFMR 1,WILTON CENTER-DUMONT 765 KV,2010-10-27 01:00:00-04:00,2010-10-27 01:00:00-04:00
21034,MARKTOWN-INLAND STEEL 5 138 KV L/O WILTON CENTER-DUMONT 765 KV,LINE    765 KV  DUM-WIL1CMPLINE DUMMY,MARKTOWN-INLAND STEEL 5 138 KV,WILTON CENTER-DUMONT 765 KV,2010-04-04 22:00:00-04:00,2010-09-28 08:00:00-04:00
21079,WESTWOOD 345/138 KV XFMR 2 L/O OLIVE-MEADOWLAKE 345 KV,LINE    345 KV  MEA-OLI CMPLINE DUMMY,WESTWOOD 345/138 KV XFMR 2,OLIVE-MEADOWLAKE 345 KV,2010-09-16 12:00:00-04:00,2010-09-23 14:00:00-04:00
21130,EDWARDS-KEWANEE 138 KV L/O POWERTON-GOODINGS GROVE 345 KV+POWERTON BT4-8 CB,116 GOOD345 KV  L0303 CBCB      OPEN    3 POWERT345 KV  BT4-8 CBCB      OPEN    3 POWERT345 KV  BT8-,EDWARDS-KEWANEE 138 KV,POWERTON-GOODINGS GROVE 345 KV+POWERTON BT4-8 CB,2010-09-16 08:00:00-04:00,2010-09-16 20:00:00-04:00
21167,1352-LILLY 138 KV L/O CLINTON UNIT 1,CLINTON4345 KV  U CL-1  CMPGEN  DUMMY,1352-LILLY 138 KV,CLINTON UNIT 1,2010-06-12 15:00:00-04:00,2010-09-11 18:00:00-04:00
21218,MARKTOWN-INLAND STEEL 5 138 KV L/O MARKTOWN-INLAND STEEL 7 138 KV,LINE    138 KV  17M-INL2CMPLINE DUMMY,MARKTOWN-INLAND STEEL 5 138 KV,MARKTOWN-INLAND STEEL 7 138 KV,2010-04-05 17:00:00-04:00,2010-09-02 06:00:00-04:00
21344,BEAVER CHANNEL-ALBANY 161 KV L/O CORDOVA-NELSON 345 KV,LINE    345 KV  15503   CMPLINE DUMMY,BEAVER CHANNEL-ALBANY 161 KV,CORDOVA-NELSON 345 KV,2010-07-16 21:00:00-04:00,2010-07-16 22:00:00-04:00
21350,Marktown-Inland Steel 5 138 kV l/o Marktown-Inland Steel 7 138 kV,Marktown-Inland Steel 7 138 kV,MARKTOWN-INLAND STEEL 5 138 KV,MARKTOWN-INLAND STEEL 7 138 KV,2010-04-11 00:00:00-04:00,2010-07-13 23:00:00-04:00
21428,EDWARDS-KEWANEE 138 KV L/O IPAVA-DUCK CREEK 345 KV,LINE    345 KV  30788331CMPLINE DUMMY,EDWARDS-KEWANEE 138 KV,IPAVA-DUCK CREEK 345 KV,2010-06-20 22:00:00-04:00,2010-06-23 22:00:00-04:00
21435,COOK-PALISADES 345 KV L/O TWIN BRANCH-ARGENTA 345 KV,LINE    345 KV  ANG-DUM CMPLINE DUMMY,COOK-PALISADES 345 KV,TWIN BRANCH-ARGENTA 345 KV,2010-06-22 01:00:00-04:00,2010-06-23 05:00:00-04:00
21439,SENECA-KRENDALE 138 L/O WYLIE RIDGE-CABOT 500 KV,LINE    500 KV  CAB-WYL CMPLINE DUMMY,SENECA-KRENDALE 138,WYLIE RIDGE-CABOT 500 KV,2010-01-01 02:00:00-05:00,2010-06-21 06:00:00-04:00
21523,Palisades-Vergennes 345 kV l/o Palisades-Roosevelt  345 kV,Palisades-Roosevelt 345 kV,PALISADES-VERGENNES 345 KV,PALISADES-ROOSEVELT 345 KV,2010-04-25 00:00:00-04:00,2010-06-03 06:00:00-04:00
21530,PALISADES-ROOSEVELT 345 KV L/O PALISADES-VERGENNES 345 KV,LINE    345 KV  PAL-VER CMPLINE DUMMY,PALISADES-ROOSEVELT 345 KV,PALISADES-VERGENNES 345 KV,2010-04-29 10:00:00-04:00,2010-05-31 09:00:00-04:00
21543,PALISADES-VERGENNES 345 KV L/O PALISADES-ROOSEVELT  345 KV,LINE    345 KV  PAL-ROO CMPLINE DUMMY,PALISADES-VERGENNES 345 KV,PALISADES-ROOSEVELT 345 KV,2010-04-20 02:00:00-04:00,2010-05-26 20:00:00-04:00
21566,Marktown-Inland Steel 5 138 kV l/o Wilton Center-Dumont 765 kV,Dumont-Wilton Center 765kV,MARKTOWN-INLAND STEEL 5 138 KV,WILTON CENTER-DUMONT 765 KV,2010-05-01 00:00:00-04:00,2010-05-20 16:00:00-04:00
21572,BEAVER VALLEY-SAMMIS 345 L/O BEAVER VALLEY-HANNA 345 KV,LINE    345 KV  BEA-HAN CMPLINE DUMMY,BEAVER VALLEY-SAMMIS 345,BEAVER VALLEY-HANNA 345 KV,2010-05-18 23:00:00-04:00,2010-05-19 06:00:00-04:00
21611,SENECA-KRENDALE 138 KV L/O FT MARTIN-RONCO 500 KV,LINE    500 KV  FTM-RON CMPLINE DUMMY,SENECA-KRENDALE 138 KV,FT MARTIN-RONCO 500 KV,2010-05-08 14:00:00-04:00,2010-05-08 15:00:00-04:00
21662,ZION-PLEASANT PRAIRIE 345 KV L/O ZION-ARCADIAN 345 KV,LINE    345 KV  2222    CMPLINE DUMMY,ZION-PLEASANT PRAIRIE 345 KV,ZION-ARCADIAN 345 KV,2010-05-01 14:00:00-04:00,2010-05-01 19:00:00-04:00
21691,MARKTOWN-INLAND STEEL 5 138 KV L/O LAKE GEORGE-MUNSTER 345 KV+MUNSTER 345/138,MUNSTER2345 KV  A       CMPTRAFODUMMY   LINE    345 KV  LAK-MUN1CMPLINE DUMMY,MARKTOWN-INLAND STEEL 5 138 KV,LAKE GEORGE-MUNSTER 345 KV+MUNSTER 345/138,2010-04-09 19:00:00-04:00,2010-04-24 17:00:00-04:00
21701,Marktown-Inland Steel 5 138 kV l/o Lake George-Munster 345 kV+Munster 345/138,LAKE GEORGE - MUNSTER 345 KV LINE  & XF #2 (NIPS),MARKTOWN-INLAND STEEL 5 138 KV,LAKE GEORGE-MUNSTER 345 KV+MUNSTER 345/138,2010-04-15 00:00:00-04:00,2010-04-21 06:00:00-04:00
21702,CRETE-ST JOHNS TAP 345 L/O DUMONT-WILTON CENTER 765 KV,LINE    765 KV  DUM-WIL1CMPLINE DUMMY,CRETE-ST JOHNS TAP 345,DUMONT-WILTON CENTER 765 KV,2010-01-13 05:00:00-05:00,2010-04-21 06:00:00-04:00
21741,COFFEEN NORTH-RAMSEY 345 KV L/O PRAIRE STATE-WMT VERNON 345 KV+WMT. VERNON TR4,MT VRNO3345 KV  T 132328CMPTRAFODUMMY   LINE    345 KV  32274323CMPLINE DUMMY,COFFEEN NORTH-RAMSEY 345 KV,PRAIRE STATE-WMT VERNON 345 KV+WMT. VERNON TR4,2010-03-29 17:00:00-04:00,2010-04-14 08:00:00-04:00
21963,DUNE ACRES-MICHIGAN CITY #1 & #2 138 KV L/O DUMONT-WILTON CENTER,LINE    765 KV  DUM-WIL1CMPLINE DUMMY,DUNE ACRES-MICHIGAN CITY #1 & #2 138 KV,DUMONT-WILTON CENTER,2010-01-02 00:00:00-05:00,2010-01-02 06:00:00-05:00
